"개방자치단체코드","관리번호","인허가일자","인허가취소일자","영업상태코드","영업상태명","상세영업상태코드","상세영업상태명","폐업일자","휴업시작일자","휴업종료일자","재개업일자","전화번호","소재지면적","소재지우편번호","지번주소","도로명주소","도로명우편번호","사업장명","최종수정일자","데이터갱신구분","데이터갱신일자","업태구분명","좌표정보(X)","좌표정보(Y)","축산업무구분명","축산물가공업구분명","축산일련번호","권리주체일련번호","총인원"
"3110000","311000003720080001","2009-04-08","","04","취소/말소/만료/정지/중지","0004","말소","2022-05-26","","","","350-7272","0","","서울특별시 은평구 대조동 ***번지 이천일아울렛 *층 ","서울특별시 은평구 불광로 ** (대조동,이천일아울렛 *층)","","쿨펫동물병원","2013-04-10 17:30:10","I","2022-05-27 00:00:00.0","","193661.732383169    ","456379.193899276    ","동물관련영업","판매(일반) ","","000","0"
"3110000","311000003720080002","2008-06-10","","04","취소/말소/만료/정지/중지","0004","말소","2022-05-26","","","","359-0456","","","서울특별시 은평구 불광동 ***-*번지 ","서울특별시 은평구 통일로 ***-* (불광동)","","은평애견백화점","2017-09-29 14:08:06","I","2022-05-27 00:00:00.0","","193211.220659405    ","457149.350968864    ","동물관련영업","판매(일반) ","","000","0"
"3110000","311000003720090001","2009-12-04","","04","취소/말소/만료/정지/중지","0004","말소","2022-05-26","","","","356-3375","0","","서울특별시 은평구 응암동 **-*번지 이마트 *층 ","서울특별시 은평구 은평로 *** (응암동,이마트 *층)","","펫프렌즈동물병원 은평","2013-04-10 17:28:24","I","2022-05-27 00:00:00.0","","192882.837727443    ","455340.54056388     ","동물관련영업","판매(일반) ","","L00","0"
"3110000","311000003720100001","2010-06-03","","04","취소/말소/만료/정지/중지","0004","말소","","","","","","0","","서울특별시 은평구 갈현동 ***-*번지 ","서울특별시 은평구 갈현로 *** (갈현동)","","강아지야 놀자","2019-04-30 20:08:58","U","2022-05-27 00:00:00.0","","192461.989032033    ","457392.447225178    ","동물관련영업","판매(일반) ","","000","0"
"3110000","311000003720100002","2010-11-12","","04","취소/말소/만료/정지/중지","0004","말소","2022-05-26","","","","3157-1657","0","","서울특별시 은평구 갈현동 ***-** ","서울특별시 은평구 갈현로 *** (갈현동)","","앤젤퍼피","2021-03-02 10:37:37","U","2022-05-27 00:00:00.0","","192647.478411454    ","458080.54397743     ","동물관련영업","판매(일반) ","","000","0"
"3110000","311000003720110001","2011-05-18","","04","취소/말소/만료/정지/중지","0004","말소","2022-05-26","","","","388-1317","0","","서울특별시 은평구 갈현동 ***-*번지 *층 ","서울특별시 은평구 갈현로 *** (갈현동,*층)","","러브펫","2014-12-31 17:24:23","I","2022-05-27 00:00:00.0","","192563.153718835    ","457704.115314695    ","동물관련영업","판매(일반) ","","000","0"
"3110000","311000003720110002","2011-08-01","","04","취소/말소/만료/정지/중지","0004","말소","2022-05-26","","","","356-7179","0","","서울특별시 은평구 불광동 ***-*번지 ","서울특별시 은평구 불광로 ** (불광동)","03355","고인걸애견미용?","2015-12-08 16:18:26","I","2022-05-27 00:00:00.0","","193948.481525933    ","456910.894080245    ","동물관련영업","판매(일반) ","","000","0"
"3110000","311000003720130001","2013-02-26","","04","취소/말소/만료/정지/중지","0004","말소","2022-05-26","","","","","0","","서울특별시 은평구 신사동 **-**번지 *층 ","서울특별시 은평구 증산로 *** (신사동)","03451","치포팸","2015-08-17 12:44:10","I","2022-05-27 00:00:00.0","","192378.231401976    ","454791.136001539    ","동물관련영업","판매(일반) ","","000","0"
"3110000","311000003720130002","2011-09-28","","04","취소/말소/만료/정지/중지","0004","말소","2022-05-26","","","","02-356-3375","0","","서울특별시 은평구 응암동 **-*번지 이마트 *층 ","서울특별시 은평구 은평로 ***, *층 (응암동, 이마트)","03461","쿨펫동물병원 은평점","2015-03-10 11:19:21","I","2022-05-27 00:00:00.0","","192882.837727443    ","455340.54056388     ","동물관련영업","판매(일반) ","","000","0"
"3110000","311000003720130003","2011-11-04","","04","취소/말소/만료/정지/중지","0004","말소","2022-05-26","","","","02-6338-7142","0","","서울특별시 은평구 역촌동 **-**번지 ","서울특별시 은평구 서오릉로 ** (역촌동)","03404","제니 펫 살롱","2013-07-14 10:11:55","I","2022-05-27 00:00:00.0","","192961.495459069    ","456191.757559834    ","동물관련영업","판매(일반) ","","000","0"
"3110000","311000003720130004","2011-11-04","","04","취소/말소/만료/정지/중지","0004","말소","2022-05-26","","","","02-350-7272","0","","서울특별시 은평구 대조동 ***번지 팜스퀘어 *층 ","서울특별시 은평구 불광로 ** (대조동)","03397","쿨펫동물병원","2016-12-02 18:32:05","I","2022-05-27 00:00:00.0","","193661.732383169    ","456379.193899276    ","동물관련영업","판매(일반) ","","000","0"
"3110000","311000003720130005","2011-12-08","","04","취소/말소/만료/정지/중지","0004","말소","2022-05-26","","","","02-355-8575","0","","서울특별시 은평구 역촌동 **-**번지 ","서울특별시 은평구 진흥로 ** (역촌동)","03409","자미원 애견","2018-12-18 14:45:57","U","2022-05-27 00:00:00.0","","192636.223179119    ","455316.428545363    ","동물관련영업","판매(일반) ","","000","0"
"3110000","311000003720130006","2012-03-26","","04","취소/말소/만료/정지/중지","0004","말소","2022-05-26","","","","02-388-2533","0","","서울특별시 은평구 진관동 **번지 롯데캐슬아파트 ***동 ***호 ","서울특별시 은평구 진관*로 ** (진관동)","03302","강아지풀","2018-01-31 15:56:49","I","2022-05-27 00:00:00.0","","193103.427054842    ","459986.856034813    ","동물관련영업","판매(일반) ","","000","0"
"3110000","311000003720130007","2012-06-15","","04","취소/말소/만료/정지/중지","0004","말소","2022-05-26","","","","","0","","서울특별시 은평구 대조동 *** 팜스퀘어 지하*층 ","서울특별시 은평구 불광로 ** (대조동)","03397","지오아쿠아","2021-05-07 17:18:31","U","2022-05-27 00:00:00.0","","193661.732383169    ","456379.193899276    ","동물관련영업","판매(일반) ","","000","0"
"3110000","311000003720130008","2013-05-21","","04","취소/말소/만료/정지/중지","0004","말소","2022-05-26","","","","02-355-7775","0","","서울특별시 은평구 대조동 ***-*번지 ","서울특별시 은평구 통일로 ***-* (대조동)","03390","드림동물나라","2016-03-30 13:01:47","I","2022-05-27 00:00:00.0","","193244.450328833    ","457041.588034585    ","동물관련영업","판매(일반) ","","000","0"
"3110000","311000003720130009","2012-08-23","","04","취소/말소/만료/정지/중지","0004","말소","2022-05-26","","","","02-380-1054","0","","서울특별시 은평구 응암동 **-*번지 *층 ","서울특별시 은평구 은평로 ***, *층 (응암동)","03461","로얄수족관(본사: 2690-7311)","2019-04-30 16:46:01","U","2022-05-27 00:00:00.0","","192882.837727443    ","455340.54056388     ","동물관련영업","판매(일반) ","","000","0"
"3110000","311000003720130010","2012-08-22","","04","취소/말소/만료/정지/중지","0004","말소","2022-05-26","","","","02-6943-1052","0","","서울특별시 은평구 수색동 **번지 *층 ","서울특별시 은평구 수색로 ***, *층 (수색동)","03504","로얄 수족관(본사: 2690-7311)","2019-04-30 16:46:14","U","2022-05-27 00:00:00.0","","190977.850603548    ","453037.787995874    ","동물관련영업","판매(일반) ","","000","0"
"3110000","311000003720130011","2013-11-21","","04","취소/말소/만료/정지/중지","0004","말소","2022-05-26","","","","070-8269-0909","0","","서울특별시 은평구 역촌동 **-**번지 지하*층 ","서울특별시 은평구 연서로*길 **, 지하*층 (역촌동)","03415","왈왈","2015-08-17 12:43:10","I","2022-05-27 00:00:00.0","","192215.455804859    ","456121.497240358    ","동물관련영업","판매(일반) ","","000","0"
"3110000","311000003720140001","2014-02-14","","04","취소/말소/만료/정지/중지","0004","말소","2022-05-26","","","","02-6338-7142","0","","서울특별시 은평구 역촌동 **-**번지 ","서울특별시 은평구 서오릉로 ** (역촌동)","03404","제니펫살롱","2014-06-05 16:08:35","I","2022-05-27 00:00:00.0","","192961.495459069    ","456191.757559834    ","동물관련영업","판매(일반) ","","000","0"
"3110000","311000003720140002","2014-06-24","","04","취소/말소/만료/정지/중지","0004","말소","2022-05-26","","","","","0","","서울특별시 은평구 역촌동 **-**번지 ","서울특별시 은평구 서오릉로 ** (역촌동)","03404","Pet#","2014-06-24 14:33:36","I","2022-05-27 00:00:00.0","","192961.495459069    ","456191.757559834    ","동물관련영업","판매(일반) ","","000","0"
"3110000","311000003720140003","2014-07-04","","04","취소/말소/만료/정지/중지","0004","말소","2022-05-26","","","","02-308-8494","0","","서울특별시 은평구 수색동 **-**번지 ***호","서울특별시 은평구 수색로 ***-*, ***호 (수색동)","03505","디지탈디자인(INTERZOO)","2015-08-07 16:25:39","I","2022-05-27 00:00:00.0","","191040.327177392    ","452926.321686795    ","동물관련영업","판매(일반) ","","000","0"
"3110000","311000003720140004","2014-08-20","","04","취소/말소/만료/정지/중지","0004","말소","2022-05-26","","","","02-382-8654","0","","서울특별시 은평구 불광동 ***-*번지 롯데슈퍼 *층 ","서울특별시 은평구 통일로 ***-*, *층 (불광동, 롯데슈퍼)","03350","에이플코리아(주) 범서점 롯데슈퍼내","2015-06-26 15:54:47","I","2022-05-27 00:00:00.0","","193035.279146132    ","457365.911737494    ","동물관련영업","판매(일반) ","","L00","0"
"3110000","311000003720140005","2014-11-06","","04","취소/말소/만료/정지/중지","0004","말소","2022-05-26","","","","070-4685-1318","0","","서울특별시 은평구 갈현동 ***-**번지 ","서울특별시 은평구 갈현로 *** (갈현동)","03328","Kitty fam","2019-12-31 18:10:59","U","2022-05-27 00:00:00.0","","192624.633299948    ","457978.243527307    ","동물관련영업","판매(일반) ","","000","0"
"3110000","311000003720140006","2014-11-06","","04","취소/말소/만료/정지/중지","0004","말소","2022-05-26","","","","02-383-3351","0","","서울특별시 은평구 녹번동 **-**번지 ","서울특별시 은평구 통일로 *** (녹번동)","03382","대송애견샵","2015-08-17 12:45:00","I","2022-05-27 00:00:00.0","","194172.041254505    ","455571.733417973    ","동물관련영업","판매(일반) ","","000","0"
"3110000","311000003720140007","2014-11-21","","04","취소/말소/만료/정지/중지","0004","말소","2022-05-26","","","","","0","","서울특별시 은평구 응암동 ***-**번지 *층 ","서울특별시 은평구 가좌로 *** (응암동)","03484","해피투개독","2014-12-31 13:30:37","I","2022-05-27 00:00:00.0","","192437.66396064     ","454353.018154981    ","동물관련영업","판매(일반) ","","000","0"
"3110000","311000003720140008","2014-11-27","","04","취소/말소/만료/정지/중지","0004","말소","2022-05-26","","","","02-308-8494","0","","서울특별시 은평구 수색동 **-**번지 ***호","서울특별시 은평구 수색로 ***-*, ***호 (수색동)","03505","디지탈디자인(INTERZOO)","2015-08-07 16:26:03","I","2022-05-27 00:00:00.0","","191040.327177392    ","452926.321686795    ","동물관련영업","수입 ","","000","0"
"3110000","311000003720150001","2015-01-13","","04","취소/말소/만료/정지/중지","0004","말소","2022-05-26","","","","","0","","서울특별시 은평구 응암동 ***-**번지 *층 ","서울특별시 은평구 가좌로 ***, *층 (응암동)","03484","런닝독","2015-06-01 15:21:09","I","2022-05-27 00:00:00.0","","192437.66396064     ","454353.018154981    ","동물관련영업","판매(일반) ","","000","0"
"3110000","311000003720150002","2015-04-30","","04","취소/말소/만료/정지/중지","0004","말소","2022-05-26","","","","","0","","서울특별시 은평구 역촌동 **-**번지 ","서울특별시 은평구 갈현로 ** (역촌동)","03432","톰스캣","2019-10-17 17:29:47","U","2022-05-27 00:00:00.0","","192001.271821027    ","455595.889045616    ","동물관련영업","판매(일반) ","","000","0"
"3110000","311000003720150003","2015-07-14","","04","취소/말소/만료/정지/중지","0004","말소","2022-05-26","","","","02-384-0079","0","","서울특별시 은평구 대조동 ***-*번지 *층 우측 ","서울특별시 은평구 통일로 *** (대조동)","03390","멍멍이","2015-07-14 16:11:56","I","2022-05-27 00:00:00.0","","193260.233184107    ","457038.504421161    ","동물관련영업","판매(일반) ","","000","0"
"3110000","311000003720150004","2012-07-05","","04","취소/말소/만료/정지/중지","0004","말소","2022-05-26","","","","02-358-1591","0","","서울특별시 은평구 갈현동 ***-*번지 지층, *층 ","서울특별시 은평구 연서로**길 **, 지,*층 (갈현동, 정운빌딩)","03330","도그원 펫센터","2020-02-14 17:39:50","U","2022-05-27 00:00:00.0","","192667.438048047    ","457480.990067897    ","동물관련영업","판매(일반) ","","L00","0"
"3110000","311000003720160001","2011-11-01","","04","취소/말소/만료/정지/중지","0004","말소","2022-05-26","","","","","0","","서울특별시 은평구 역촌동 **-**번지 ","서울특별시 은평구 진흥로 ** (역촌동)","03409","쿨펫동물병원","2019-05-14 11:27:15","U","2022-05-27 00:00:00.0","","192636.223179119    ","455316.428545363    ","동물관련영업","판매(일반) ","","000","0"
"3110000","311000003720160002","2014-01-02","","04","취소/말소/만료/정지/중지","0004","말소","2022-05-26","","","","","","","서울특별시 은평구 역촌동 **-**번지 *층 ","서울특별시 은평구 진흥로 ** (역촌동)","03409","튼튼동물병원","2016-02-03 14:21:18","I","2022-05-27 00:00:00.0","","192636.223179119    ","455316.428545363    ","동물관련영업","판매(일반) ","","000","0"
"3110000","311000003720160003","2016-02-29","","04","취소/말소/만료/정지/중지","0004","말소","2022-05-26","","","","02-383-8024","0","","서울특별시 은평구 응암동 ***-**번지 ","서울특별시 은평구 응암로 *** (응암동)","03454","도리도리펫샵","2017-05-18 20:49:20","I","2022-05-27 00:00:00.0","","192828.815751937    ","454965.25061689     ","동물관련영업","판매(일반) ","","000","0"
"3110000","311000003720160004","2016-04-14","","04","취소/말소/만료/정지/중지","0004","말소","2022-05-26","","","","02-373-2067","0","","서울특별시 은평구 응암동 ***-*번지 ","서울특별시 은평구 응암로**길 ** (응암동)","03480","예일애견","2017-10-19 09:26:09","I","2022-05-27 00:00:00.0","","192838.696088238    ","453857.098616756    ","동물관련영업","판매(일반) ","","000","0"
"3110000","311000003720160005","2016-05-26","","04","취소/말소/만료/정지/중지","0004","말소","2022-05-26","","","","","","","서울특별시 은평구 녹번동 ***-**번지 ","서울특별시 은평구 통일로 *** (녹번동)","03375","더탑동물병원","2016-05-26 10:57:54","I","2022-05-27 00:00:00.0","","193917.79591497     ","456163.763992789    ","동물관련영업","판매(일반) ","","000","0"
"3110000","311000003720160006","2016-08-31","","04","취소/말소/만료/정지/중지","0004","말소","2022-05-26","","","","","0","","서울특별시 은평구 역촌동 **-**번지 ","서울특별시 은평구 서오릉로 **, *층 (역촌동)","03404","아엠펫","2019-05-23 09:34:02","U","2022-05-27 00:00:00.0","","192961.495459069    ","456191.757559834    ","동물관련영업","판매(일반) ","","000","0"
"3110000","311000003720160007","2016-10-31","","04","취소/말소/만료/정지/중지","0004","말소","2022-05-26","","","","02-6012-7477","0","","서울특별시 은평구 신사동 **-**번지 ","서울특별시 은평구 증산로**길 * (신사동)","03450","퍼피하우스","2020-01-28 17:54:18","U","2022-05-27 00:00:00.0","","192379.648300999    ","454844.979806447    ","동물관련영업","판매(일반) ","","000","0"
"3110000","311000003720170001","2017-01-10","","04","취소/말소/만료/정지/중지","0004","말소","2022-05-26","","","","","0","","서울특별시 은평구 역촌동 **-** ","서울특별시 은평구 서오릉로 **-* (역촌동)","03404","오제이(OJ)","2020-09-21 13:25:20","U","2022-05-27 00:00:00.0","","192961.495459069    ","456191.757559834    ","동물관련영업","판매(일반) ","","000","0"
"3110000","311000003720170002","2017-02-07","","04","취소/말소/만료/정지/중지","0004","말소","2022-05-26","","","","","0","","","서울특별시 은평구 통일로 지하 ***-* (불광동)","03344","메르시몽프레","2020-02-14 09:29:10","U","2022-05-27 00:00:00.0","","","","동물관련영업","판매(일반) ","","000","0"
"3110000","311000003720170003","2017-02-14","","04","취소/말소/만료/정지/중지","0004","말소","2022-05-26","","","","023560045","0","","서울특별시 은평구 대조동 ***-***번지 ","서울특별시 은평구 역말로 *** (대조동, 대조월드빌라트)","03393","GG클럽","2017-02-14 13:13:31","I","2022-05-27 00:00:00.0","","193000.838667781    ","456465.287204225    ","동물관련영업","판매(일반) ","","000","0"
"3110000","311000003720170004","2017-05-08","","04","취소/말소/만료/정지/중지","0004","말소","2022-04-28","","","","02-2097-2600","0","","","서울특별시 은평구 통일로 ****, *층 (진관동, 롯데몰은평점)","03306","롯데쇼핑토이저러스은평점","2022-04-28 09:58:24","U","2022-05-27 00:00:00.0","","192694.92374224     ","459461.236119623    ","동물관련영업","판매(일반) ","","L00","0"
"3110000","311000003720170005","2017-05-22","","04","취소/말소/만료/정지/중지","0004","말소","2022-05-26","","","","3950109","","","서울특별시 은평구 진관동 **번지 ***동 ***호","서울특별시 은평구 진관*로 **-*, ***동 ***호 (진관동, 은평뉴타운구파발)","03301","러브독스","2017-05-22 14:26:29","I","2022-05-27 00:00:00.0","","","","동물관련영업","판매(일반) ","","000","0"
"3110000","311000003720170006","2017-06-12","","04","취소/말소/만료/정지/중지","0004","말소","2022-05-26","","","","02-359-0456","0","","서울특별시 은평구 역촌동 **-**번지 ","서울특별시 은평구 연서로 **, ***호 (역촌동)","03406","은평애견","2019-02-14 14:55:54","U","2022-05-27 00:00:00.0","","192516.898531697    ","455652.785661652    ","동물관련영업","판매(일반) ","","000","0"
"3110000","311000003720170007","2017-06-27","","04","취소/말소/만료/정지/중지","0004","말소","2022-05-26","","","","02-6406-3644","0","","서울특별시 은평구 응암동 ***-**번지 ","서울특별시 은평구 가좌로*나길 ** (응암동)","03481","개샵","2017-06-28 10:56:27","I","2022-05-27 00:00:00.0","","192787.346831048    ","453585.65095991     ","동물관련영업","판매(일반) ","","000","0"
"3110000","311000003720170008","2017-08-28","","04","취소/말소/만료/정지/중지","0004","말소","2022-05-26","","","","","0","","서울특별시 은평구 갈현동 ***-*번지 ","서울특별시 은평구 갈현로**길 ** (갈현동)","03319","스윗퍼피","2019-05-14 11:38:27","U","2022-05-27 00:00:00.0","","192220.1539455      ","457719.753084231    ","동물관련영업","판매(일반) ","","000","0"
"3110000","311000003720170009","2017-08-29","","03","폐업","0002","폐업","2018-08-10","","","","","","","서울특별시 은평구 불광동 ***-*번지 ","서울특별시 은평구 통일로 ***-* (불광동)","03351","은평애견","2018-08-10 16:38:44","I","2022-05-27 00:00:00.0","","193211.220659405    ","457149.350968864    ","동물관련영업","동물생산업","","000","0"
"3110000","311000003720180001","2018-02-23","","04","취소/말소/만료/정지/중지","0004","말소","2022-05-26","","","","382-2613","0","","서울특별시 은평구 갈현동 ***-**번지 *층 ","서울특별시 은평구 연서로**길 *-**, *층 (갈현동)","03331","야옹하우스","2018-11-13 13:14:06","U","2022-05-27 00:00:00.0","","192802.536014217    ","457344.670175355    ","동물관련영업","판매(일반) ","","000","0"
"3110000","311000003720180002","2018-03-06","","04","취소/말소/만료/정지/중지","0004","말소","2022-05-26","","","","","0","","서울특별시 은평구 진관동 **번지 은평뉴타운 구파발 ***동 ***호","서울특별시 은평구 진관*로 **, ***동 *층 ***호 (진관동, 은평뉴타운 구파발)","03301","강아지풀","2018-05-02 17:38:29","I","2022-05-27 00:00:00.0","","","","동물관련영업","판매(일반) ","","000","0"
"3110000","311000003720180003","2018-04-04","","04","취소/말소/만료/정지/중지","0004","말소","2022-05-26","","","","","0","","서울특별시 은평구 불광동 **-**번지 ","서울특별시 은평구 불광로 ***, *층 (불광동)","03363","블루슈가","2019-12-30 13:31:37","U","2022-05-27 00:00:00.0","","194008.766795018    ","457174.901501955    ","동물관련영업","판매(일반) ","","000","0"
"3110000","311000003720180004","2018-04-19","","04","취소/말소/만료/정지/중지","0004","말소","2022-05-26","","","","","0","","서울특별시 은평구 대조동 ***-**번지 ","서울특별시 은평구 통일로**길 **, *층 (대조동)","03386","루비펫","2020-04-17 08:22:36","U","2022-05-27 00:00:00.0","","192985.345285159    ","456927.507920024    ","동물관련영업","미용(일반) ","","000","0"
"3110000","311000003720180005","2018-05-03","","04","취소/말소/만료/정지/중지","0004","말소","2022-05-26","","","","02-388-2533","0","","서울특별시 은평구 진관동 **번지 은평뉴타운 구파발 ***동 ***호","서울특별시 은평구 진관*로 **, ***동 ***호 (진관동, 은평뉴타운 구파발)","03301","강아지풀","2018-05-04 15:54:32","I","2022-05-27 00:00:00.0","","","","동물관련영업","미용(일반) ","","000","0"
"3110000","311000003720180006","2018-05-03","","04","취소/말소/만료/정지/중지","0004","말소","2022-05-26","","","","02-388-2533","0","","서울특별시 은평구 진관동 **번지 은평뉴타운 구파발 ***동 ***호","서울특별시 은평구 진관*로 **, ***동 ***호 (진관동, 은평뉴타운 구파발)","03301","강아지풀","2018-12-26 13:22:09","U","2022-05-27 00:00:00.0","","","","동물관련영업","판매(일반) ","","000","0"
"3110000","311000003720180007","2018-05-03","","03","폐업","0002","폐업","2019-10-18","","","","","0","","서울특별시 은평구 대조동 ***-**번지 지층 ","서울특별시 은평구 역말로 ***-**, 지층 (대조동)","03393","야옹하우스","2019-10-18 16:26:42","U","2022-05-27 00:00:00.0","","192898.249763129    ","456416.932461548    ","동물관련영업","동물생산업","","000","0"
"3110000","311000003720180008","2018-05-15","","04","취소/말소/만료/정지/중지","0004","말소","2022-05-26","","","","02-387-7582","0","","서울특별시 은평구 응암동 **-*번지 ","서울특별시 은평구 은평로 ** (응암동)","03461","24시스마트동물메디컬센터","2018-05-15 20:54:35","I","2022-05-27 00:00:00.0","","192700.377628737    ","455276.729077644    ","동물관련영업","미용(일반) ","","000","0"
"3110000","311000003720180009","2018-05-28","","04","취소/말소/만료/정지/중지","0004","말소","2022-05-26","","","","","0","","서울특별시 은평구 진관동 ** 은평뉴타운상림마을 ***동 ***호","서울특별시 은평구 진관*로 **, ***동 ***호 (진관동, 은평뉴타운상림마을)","03302","이주헌","2020-12-14 13:30:01","U","2022-05-27 00:00:00.0","","193304.926585972    ","460316.757008927    ","동물관련영업","운송 ","","000","0"
"3110000","311000003720180010","2018-05-31","","04","취소/말소/만료/정지/중지","0004","말소","2022-05-26","","","","","0","","서울특별시 은평구 응암동 ***-**번지 *층 ","서울특별시 은평구 응암로**길 **, *층 (응암동)","03466","멍멍냐옹","2019-11-21 17:05:59","U","2022-05-27 00:00:00.0","","193011.026498811    ","454575.919199341    ","동물관련영업","미용(일반) ","","000","0"
"3110000","311000003720180011","2018-05-31","","04","취소/말소/만료/정지/중지","0004","말소","2022-05-26","","","","02-6032-2588","0","","서울특별시 은평구 응암동 ***-**번지 *층 ","서울특별시 은평구 응암로**길 **, *층 (응암동)","03466","멍멍냐옹","2019-11-21 17:18:02","U","2022-05-27 00:00:00.0","","193011.026498811    ","454575.919199341    ","동물관련영업","위탁관리 ","","000","0"
"3110000","311000003720180012","2018-06-18","","04","취소/말소/만료/정지/중지","0004","말소","2022-05-26","","","","","0","","서울특별시 은평구 역촌동 **-**번지 우방이지빌 ***호","서울특별시 은평구 연서로*길 **-**, ***호 (역촌동, 우방이지빌)","03420","펫위드미강북지점","2019-12-31 16:57:12","U","2022-05-27 00:00:00.0","","192259.43071026     ","455483.789724843    ","동물관련영업","운송 ","","000","0"
"3110000","311000003720180013","2018-06-18","","04","취소/말소/만료/정지/중지","0004","말소","2022-05-26","","","","02-2097-2663","0","","서울특별시 은평구 진관동 **번지 롯데몰 은평점 ","서울특별시 은평구 통일로 ****, 롯데몰 은평점 *층 (진관동)","03306","마이뷰티독","2018-06-18 16:02:09","I","2022-05-27 00:00:00.0","","192694.92374224     ","459461.236119623    ","동물관련영업","미용(일반) ","","000","0"
"3110000","311000003720180014","2018-06-18","","04","취소/말소/만료/정지/중지","0004","말소","2022-05-26","","","","02-3152-0075","0","","서울특별시 은평구 응암동 ***-***번지 ","서울특별시 은평구 백련산로 **, *층 (응암동)","03470","참좋은동물병원","2018-06-18 16:10:37","I","2022-05-27 00:00:00.0","","193081.852188715    ","453992.56368201     ","동물관련영업","미용(일반) ","","000","0"
"3110000","311000003720180015","2018-06-18","","04","취소/말소/만료/정지/중지","0004","말소","2022-05-26","","","","02-3152-9075","0","","서울특별시 은평구 응암동 ***-***번지 ","서울특별시 은평구 백련산로 **, *층 (응암동)","03470","참좋은동물병원","2019-11-25 09:24:37","U","2022-05-27 00:00:00.0","","193081.852188715    ","453992.56368201     ","동물관련영업","위탁관리 ","","000","0"
"3110000","311000003720180016","2018-06-27","","04","취소/말소/만료/정지/중지","0004","말소","2022-05-26","","","","02-354-4110","0","","서울특별시 은평구 녹번동 ***-***번지 남영빌딩 ","서울특별시 은평구 통일로 ***, 남영빌딩 *층 (녹번동)","03375","녹번동물병원","2019-11-05 13:55:18","U","2022-05-27 00:00:00.0","","193903.333435372    ","456197.927159351    ","동물관련영업","미용(일반) ","","000","0"
"3110000","311000003720180017","2018-06-27","","04","취소/말소/만료/정지/중지","0004","말소","2022-05-26","","","","","0","","서울특별시 은평구 갈현동 ***-**번지 *층 ","서울특별시 은평구 서오릉로 ***, *층 (갈현동)","03327","hola(올라)","2018-06-27 16:06:36","I","2022-05-27 00:00:00.0","","191865.491876147    ","457046.603633131    ","동물관련영업","미용(일반) ","","000","0"
"3110000","311000003720180018","2018-06-27","","04","취소/말소/만료/정지/중지","0004","말소","2022-05-26","","","","02-385-8275","0","","서울특별시 은평구 진관동 **번지 은평뉴타운상림마을 ***동 상가***호","서울특별시 은평구 진관*로 **, ***동 상가 ***호 (진관동, 은평뉴타운상림마을)","03302","뉴타운동물병원","2018-06-27 16:36:28","I","2022-05-27 00:00:00.0","","193103.427054842    ","459986.856034813    ","동물관련영업","미용(일반) ","","000","0"
"3110000","311000003720180019","2018-07-09","","04","취소/말소/만료/정지/중지","0004","말소","2022-05-26","","","","02-357-9111","0","","서울특별시 은평구 응암동 ***-**번지 응암동하이포룸 ***호","서울특별시 은평구 은평로*길 **, ***호 (응암동, 응암동하이포룸)","03454","미니펫","2018-07-09 17:42:12","I","2022-05-27 00:00:00.0","","192782.80458622     ","454959.212129513    ","동물관련영업","미용(일반) ","","000","0"
"3110000","311000003720180020","2018-07-09","","04","취소/말소/만료/정지/중지","0004","말소","2022-05-26","","","","02-357-9111","0","","서울특별시 은평구 응암동 ***-**번지 응암동하이포룸 ***호","서울특별시 은평구 은평로*길 **, ***호 (응암동, 응암동하이포룸)","03454","미니펫","2018-07-09 18:09:00","I","2022-05-27 00:00:00.0","","192782.80458622     ","454959.212129513    ","동물관련영업","위탁관리 ","","000","0"
"3110000","311000003720180021","2018-07-30","","03","폐업","0002","폐업","2024-06-28","","","","02-357-7497","0","","서울특별시 은평구 응암동 **-** ","서울특별시 은평구 은평로**길 *-* (응암동)","03460","노버래그 캐터리","2024-06-28 17:15:35","U","2024-06-30 02:40:00.0","","193329.748443156    ","455503.022360376    ","동물생산업","동물생산업","","000","0"
"3110000","311000003720180022","2018-08-22","","04","취소/말소/만료/정지/중지","0004","말소","2022-05-26","","","","","0","","서울특별시 은평구 대조동 **-*번지 *층 ","서울특별시 은평구 서오릉로*길 **, *층 (대조동)","03392","퍼피하우스","2020-01-03 12:23:44","U","2022-05-27 00:00:00.0","","193120.784460028    ","456238.65857545     ","동물관련영업","미용(일반) ","","000","0"
"3110000","311000003720180023","2018-08-28","","04","취소/말소/만료/정지/중지","0004","말소","2022-05-26","","","","6368-0221","0","","서울특별시 은평구 응암동 ***-**번지 ","서울특별시 은평구 응암로**길 ** (응암동)","03467","도그#","2018-08-28 10:22:52","I","2022-05-27 00:00:00.0","","192744.086090872    ","454218.765002996    ","동물관련영업","미용(일반) ","","000","0"
"3110000","311000003720180024","2018-08-29","","04","취소/말소/만료/정지/중지","0004","말소","2022-05-26","","","","383-8270","0","","서울특별시 은평구 역촌동 **-**번지 *층 ","서울특별시 은평구 역말로 **, *층 (역촌동)","03402","모모펫","2020-01-15 09:27:43","U","2022-05-27 00:00:00.0","","192555.254305767    ","455943.377640928    ","동물관련영업","미용(일반) ","","000","0"
"3110000","311000003720180025","2018-09-14","","04","취소/말소/만료/정지/중지","0004","말소","2022-05-26","","","","388-1317","0","","서울특별시 은평구 갈현동 ***-*번지 ","서울특별시 은평구 갈현로 *** (갈현동)","03320","개빡빡펫샵","2018-09-14 10:43:11","U","2022-05-27 00:00:00.0","","192563.153718835    ","457704.115314695    ","동물관련영업","미용(일반) ","","000","0"
"3110000","311000003720180026","2018-09-14","","04","취소/말소/만료/정지/중지","0004","말소","2022-05-26","","","","355-1555","0","","서울특별시 은평구 갈현동 ***-*번지 *층 ","서울특별시 은평구 통일로 ***, *층 (갈현동)","03328","행복한 강아지","2018-09-14 10:57:52","U","2022-05-27 00:00:00.0","","192831.890771242    ","457944.191911493    ","동물관련영업","미용(일반) ","","000","0"
"3110000","311000003720180027","2018-09-14","","04","취소/말소/만료/정지/중지","0004","말소","2022-05-26","","","","353-1555","0","","서울특별시 은평구 갈현동 ***-*번지 *층 ","서울특별시 은평구 통일로 ***, *층 (갈현동)","03328","행복한 강아지","2018-09-14 11:00:15","U","2022-05-27 00:00:00.0","","192831.890771242    ","457944.191911493    ","동물관련영업","위탁관리 ","","000","0"
"3110000","311000003720180028","2018-09-14","","04","취소/말소/만료/정지/중지","0004","말소","2022-05-26","","","","355-7931","0","","서울특별시 은평구 신사동 *-**번지 *층 ","서울특별시 은평구 갈현로 **, *층 (신사동)","03435","한마음 동물병원","2018-09-14 11:06:48","U","2022-05-27 00:00:00.0","","191993.241663672    ","455411.934758025    ","동물관련영업","미용(일반) ","","000","0"
"3110000","311000003720180029","2018-09-17","","04","취소/말소/만료/정지/중지","0004","말소","2022-05-26","","","","356-8353","0","","서울특별시 은평구 불광동 ***-*번지 불광동라비앙프라자 ***호","서울특별시 은평구 불광로 **, 불광동라비앙프라자 ***호 (불광동)","03365","다루동물병원","2018-09-17 14:08:19","U","2022-05-27 00:00:00.0","","193936.125681025    ","456673.805557751    ","동물관련영업","미용(일반) ","","000","0"
"3110000","311000003720180030","2018-09-17","","04","취소/말소/만료/정지/중지","0004","말소","2022-05-26","","","","","0","","서울특별시 은평구 역촌동 **-**번지 ","서울특별시 은평구 연서로 **, ***호 (역촌동)","03406","은평애견","2019-02-14 14:44:08","U","2022-05-27 00:00:00.0","","192516.898531697    ","455652.785661652    ","동물관련영업","위탁관리 ","","000","0"
"3110000","311000003720180031","2018-09-17","","04","취소/말소/만료/정지/중지","0004","말소","2022-05-26","","","","","0","","서울특별시 은평구 역촌동 **-**번지 ","서울특별시 은평구 연서로 **, ***호 (역촌동)","03406","은평애견","2019-02-14 14:50:12","U","2022-05-27 00:00:00.0","","192516.898531697    ","455652.785661652    ","동물관련영업","미용(일반) ","","000","0"
"3110000","311000003720180032","2018-09-17","","03","폐업","0002","폐업","2024-07-05","","","","","0","","서울특별시 은평구 증산동 ***-* ","서울특별시 은평구 증산서길 ***-** (증산동)","03496","쿠키돌","2024-12-06 18:03:02","U","2024-12-09 02:40:00.0","","191940.953016821    ","453788.449184071    ","동물생산업","동물생산업","","000","0"
"3110000","311000003720180033","2018-09-27","","04","취소/말소/만료/정지/중지","0004","말소","2022-05-26","","","","382-7511","0","","서울특별시 은평구 진관동 *번지 은평뉴타운상림마을 ***동 ***호","서울특별시 은평구 진관*로 **, ***동 ***호 (진관동, 은평뉴타운상림마을)","03304","한빛동물병원","2018-09-27 17:44:34","U","2022-05-27 00:00:00.0","","193651.20265608     ","460623.370836706    ","동물관련영업","위탁관리 ","","000","0"
"3110000","311000003720180034","2018-09-27","","04","취소/말소/만료/정지/중지","0004","말소","2022-05-26","","","","382-7511","0","","서울특별시 은평구 진관동 *번지 은평뉴타운상림마을 ***동 ***호","서울특별시 은평구 진관*로 **, ***동 ***호 (진관동, 은평뉴타운상림마을)","03304","한빛동물병원","2018-09-27 17:46:50","U","2022-05-27 00:00:00.0","","193651.20265608     ","460623.370836706    ","동물관련영업","미용(일반) ","","000","0"
"3110000","311000003720180035","2018-09-27","","04","취소/말소/만료/정지/중지","0004","말소","2022-05-26","","","","6953-8275","0","","서울특별시 은평구 진관동 **번지 은평뉴타운우물골 상가B ***동 ***호","서울특별시 은평구 진관*로 **, ***동 상가B층 ***호 (진관동, 은평뉴타운우물골)","03306","우리덕구 동물병원","2018-09-27 17:56:03","U","2022-05-27 00:00:00.0","","193537.151289241    ","459136.547595152    ","동물관련영업","위탁관리 ","","000","0"
"3110000","311000003720180036","2018-09-27","","04","취소/말소/만료/정지/중지","0004","말소","2022-05-26","","","","6953-8275","0","","서울특별시 은평구 진관동 **번지 은평뉴타운우물골 ***동 ***호","서울특별시 은평구 진관*로 **, ***동 상가B층 ***호 (진관동, 은평뉴타운우물골)","03306","우리덕구 동물병원","2018-09-27 17:58:06","U","2022-05-27 00:00:00.0","","193537.151289241    ","459136.547595152    ","동물관련영업","미용(일반) ","","000","0"
"3110000","311000003720180037","2018-09-27","","04","취소/말소/만료/정지/중지","0004","말소","2022-05-26","","","","387-8275","0","","서울특별시 은평구 진관동 **번지 은평뉴타운 우물골 ***동 B***호","서울특별시 은평구 진관*로 **, ***동 B***호 (진관동, 은평뉴타운 우물골)","03306","서울햇빛동물병원","2018-09-27 18:00:54","U","2022-05-27 00:00:00.0","","193270.912416702    ","459138.861975567    ","동물관련영업","미용(일반) ","","000","0"
"3110000","311000003720180038","2018-09-27","","04","취소/말소/만료/정지/중지","0004","말소","2022-05-26","","","","352-7275","0","","서울특별시 은평구 대조동 **-** *층 ","서울특별시 은평구 통일로 ***-*, *층 (대조동)","03397","개와냥이 동물병원","2021-09-24 17:53:40","U","2022-05-27 00:00:00.0","","193680.56470639     ","456432.993552717    ","동물관련영업","위탁관리 ","","000","0"
"3110000","311000003720180039","2018-09-27","","04","취소/말소/만료/정지/중지","0004","말소","2022-05-26","","","","352-7275","0","","서울특별시 은평구 대조동 **-**번지 *층 ","서울특별시 은평구 통일로 ***-*, *층 (대조동)","03397","개와냥이 동물병원","2018-09-27 18:06:27","U","2022-05-27 00:00:00.0","","193680.56470639     ","456432.993552717    ","동물관련영업","미용(일반) ","","000","0"
"3110000","311000003720180040","2018-09-27","","04","취소/말소/만료/정지/중지","0004","말소","2022-05-26","","","","386-6093","0","","서울특별시 은평구 갈현동 ***-*번지 제영빌딩 ","서울특별시 은평구 서오릉로 ***, 제영빌딩 (갈현동)","03335","미래펫미용","2018-09-27 18:09:22","U","2022-05-27 00:00:00.0","","192190.266278977    ","456830.528394439    ","동물관련영업","미용(일반) ","","000","0"
"3110000","311000003720180041","2018-09-27","","04","취소/말소/만료/정지/중지","0004","말소","2022-05-26","","","","","0","","서울특별시 은평구 증산동 ***-*번지 ","서울특별시 은평구 증산서길 *** (증산동)","03495","미용하는 강아지","2018-09-27 18:14:18","U","2022-05-27 00:00:00.0","","192184.577591695    ","454048.396678519    ","동물관련영업","미용(일반) ","","000","0"
"3110000","311000003720180042","2018-09-27","","04","취소/말소/만료/정지/중지","0004","말소","2022-05-26","","","","","0","","서울특별시 은평구 증산동 ***-*번지 ","서울특별시 은평구 증산서길 *** (증산동)","03495","미용하는 강아지","2018-09-27 18:15:45","U","2022-05-27 00:00:00.0","","192184.577591695    ","454048.396678519    ","동물관련영업","위탁관리 ","","000","0"
"3110000","311000003720180043","2018-09-28","","04","취소/말소/만료/정지/중지","0004","말소","2022-05-26","","","","3152-8575","0","","서울특별시 은평구 수색동 **번지 디엠씨 자이*단지(DMC 자이*) ***호","서울특별시 은평구 수색로 ***, ***호 (수색동, 디엠씨 자이*단지(DMC 자이*))","03504","디엠씨동물병원","2020-02-28 10:56:29","U","2022-05-27 00:00:00.0","","190977.850603548    ","453037.787995874    ","동물관련영업","미용(일반) ","","000","0"
"3110000","311000003720180044","2018-09-28","","04","취소/말소/만료/정지/중지","0004","말소","2022-05-26","","","","969-7582","0","","서울특별시 은평구 응암동 ***-**번지 ","서울특별시 은평구 백련산로 *** (응암동)","03463","스머프동물병원","2019-06-09 18:42:52","U","2022-05-27 00:00:00.0","","193315.117219499    ","455100.955115916    ","동물관련영업","미용(일반) ","","000","0"
"3110000","311000003720180045","2018-09-28","","04","취소/말소/만료/정지/중지","0004","말소","2022-05-26","","","","306-8575","0","","서울특별시 은평구 응암동 ***-*번지 서강스카이빌 상가동 ***호","서울특별시 은평구 응암로 ***, 상가동 ***호 (응암동, 서강스카이빌)","03454","한수 동물병원","2018-09-28 09:33:36","U","2022-05-27 00:00:00.0","","192994.628012876    ","455276.677445927    ","동물관련영업","미용(일반) ","","000","0"
"3110000","311000003720180046","2018-09-28","","04","취소/말소/만료/정지/중지","0004","말소","2022-05-26","","","","388-3008","0","","서울특별시 은평구 신사동 **-**번지 ","서울특별시 은평구 은평로 ** (신사동)","03423","늘푸른동물병원","2018-09-28 09:38:46","U","2022-05-27 00:00:00.0","","192071.591415703    ","455108.657872656    ","동물관련영업","미용(일반) ","","000","0"
"3110000","311000003720180047","2018-09-28","","04","취소/말소/만료/정지/중지","0004","말소","2022-05-26","","","","357-8538","0","","서울특별시 은평구 갈현동 ***-**번지 ","서울특별시 은평구 통일로 *** (갈현동)","03329","김정복 동물병원","2018-09-28 09:41:03","U","2022-05-27 00:00:00.0","","192829.740402573    ","457673.877898237    ","동물관련영업","미용(일반) ","","000","0"
"3110000","311000003720180048","2018-09-28","","04","취소/말소/만료/정지/중지","0004","말소","2022-05-26","","","","356-9475","0","","서울특별시 은평구 불광동 ***번지 북한산 힐스테이트*차 상가동 ***호","서울특별시 은평구 통일로 ***, 상가동 지하*층 ***호 (불광동, 북한산 힐스테이트*차)","03357","담은 동물병원","2020-02-26 14:13:32","U","2022-05-27 00:00:00.0","","193457.698457409    ","457135.217659827    ","동물관련영업","미용(일반) ","","000","0"
"3110000","311000003720180049","2018-09-28","","04","취소/말소/만료/정지/중지","0004","말소","2022-05-26","","","","359-2020","0","","서울특별시 은평구 대조동 ***-**번지 ","서울특별시 은평구 통일로 *** (대조동)","03385","Dr.윤24시동물병원","2018-09-28 09:51:08","U","2022-05-27 00:00:00.0","","193147.639432277    ","457137.15515349     ","동물관련영업","미용(일반) ","","000","0"
"3110000","311000003720180050","2018-09-28","","04","취소/말소/만료/정지/중지","0004","말소","2022-05-26","","","","359-2020","0","","서울특별시 은평구 대조동 ***-**번지 ","서울특별시 은평구 통일로 *** (대조동)","03385","Dr.윤24시동물병원","2018-09-28 10:01:15","U","2022-05-27 00:00:00.0","","193147.639432277    ","457137.15515349     ","동물관련영업","위탁관리 ","","000","0"
"3110000","311000003720180051","2018-10-08","","04","취소/말소/만료/정지/중지","0004","말소","2022-05-26","","","","386-5567","0","","서울특별시 은평구 갈현동 ***-* *층 ","서울특별시 은평구 연서로**길 **-**, *층 (갈현동)","03330","커피볶는 너구리","2021-01-21 13:57:10","U","2022-05-27 00:00:00.0","","192770.358540615    ","457483.301786443    ","동물관련영업","전시 ","","000","0"
"3110000","311000003720180052","2018-10-08","","04","취소/말소/만료/정지/중지","0004","말소","2022-05-26","","","","355-7642","0","","서울특별시 은평구 갈현동 ***-** ","서울특별시 은평구 연서로**길 ** (갈현동)","03331","커피 볶는 고양이","2021-01-21 14:30:58","U","2022-05-27 00:00:00.0","","192661.034387179    ","457449.976857799    ","동물관련영업","전시 ","","000","0"
"3110000","311000003720180053","2018-10-08","","04","취소/말소/만료/정지/중지","0004","말소","2022-05-26","","","","","0","","서울특별시 은평구 응암동 ***-** 삼흥리치아파트 ***호","서울특별시 은평구 응암로 ***, ***호 (응암동, 삼흥리치아파트)","03454","도리도리펫샵","2020-08-03 16:19:46","U","2022-05-27 00:00:00.0","","192807.402028727    ","454944.698067524    ","동물관련영업","미용(일반) ","","000","0"
"3110000","311000003720180054","2018-10-08","","04","취소/말소/만료/정지/중지","0004","말소","2022-05-26","","","","384-7743","0","","서울특별시 은평구 갈현동 ***-**번지 ","서울특별시 은평구 연서로 *** (갈현동)","03334","금쪽같은 내새끼 동물병원","2018-10-08 14:11:45","I","2022-05-27 00:00:00.0","","192675.457894782    ","457005.682881862    ","동물관련영업","미용(일반) ","","000","0"
"3110000","311000003720180055","2018-10-08","","04","취소/말소/만료/정지/중지","0004","말소","2022-05-26","","","","384-7743","0","","서울특별시 은평구 갈현동 ***-**번지 ","서울특별시 은평구 연서로 *** (갈현동)","03334","금쪽같은 내새끼 동물병원","2018-10-08 14:13:59","I","2022-05-27 00:00:00.0","","192675.457894782    ","457005.682881862    ","동물관련영업","위탁관리 ","","000","0"
"3110000","311000003720180056","2018-10-15","","04","취소/말소/만료/정지/중지","0004","말소","2022-05-26","","","","","0","","서울특별시 은평구 응암동 ***-** ","서울특별시 은평구 응암로**가길 **-** (응암동)","03469","몽룡이와 춘냥이 애견샵","2020-10-26 15:46:58","U","2022-05-27 00:00:00.0","","192889.145266482    ","454239.641202969    ","동물관련영업","위탁관리 ","","000","0"
"3110000","311000003720180057","2018-10-15","","04","취소/말소/만료/정지/중지","0004","말소","2022-05-26","","","","","0","","서울특별시 은평구 응암동 ***-** ","서울특별시 은평구 응암로**가길 **-** (응암동)","03469","몽룡이와 춘냥이 애견샵","2020-10-26 15:49:11","U","2022-05-27 00:00:00.0","","192889.145266482    ","454239.641202969    ","동물관련영업","미용(일반) ","","000","0"
"3110000","311000003720180058","2018-10-15","","04","취소/말소/만료/정지/중지","0004","말소","2022-05-26","","","","","0","","서울특별시 은평구 구산동 **-**번지 예일노블레스 ","서울특별시 은평구 갈현로 *** (구산동, 예일노블레스)","03429","개이쁜냥","2018-10-15 17:58:17","U","2022-05-27 00:00:00.0","","192047.897123219    ","456335.964683183    ","동물관련영업","미용(일반) ","","000","0"
"3110000","311000003720180059","2018-10-15","","04","취소/말소/만료/정지/중지","0004","말소","2022-05-26","","","","354-7544","0","","서울특별시 은평구 불광동 ***-**번지 동윤빌딩*층 ","서울특별시 은평구 연서로 ***, 동윤빌딩 *층 (불광동)","03343","둘레길 동물병원","2018-10-15 18:04:55","U","2022-05-27 00:00:00.0","","193547.680584007    ","457936.994776678    ","동물관련영업","미용(일반) ","","000","0"
"3110000","311000003720180060","2018-10-15","","04","취소/말소/만료/정지/중지","0004","말소","2022-05-26","","","","382-7582","0","","서울특별시 은평구 응암동 **-**번지 ","서울특별시 은평구 은평로 *** (응암동)","03472","Love My Pet 동물병원","2018-10-15 18:07:38","U","2022-05-27 00:00:00.0","","193814.07118236     ","455415.979099363    ","동물관련영업","미용(일반) ","","000","0"
"3110000","311000003720180061","2018-10-16","","04","취소/말소/만료/정지/중지","0004","말소","2022-05-26","","","","6012-7477","0","","서울특별시 은평구 신사동 **-**번지 ","서울특별시 은평구 증산로**길 *, *층 (신사동)","03450","퍼피하우스","2020-01-29 16:58:31","U","2022-05-27 00:00:00.0","","192379.648300999    ","454844.979806447    ","동물관련영업","미용(일반) ","","000","0"
"3110000","311000003720180062","2018-10-16","","04","취소/말소/만료/정지/중지","0004","말소","2022-05-26","","","","6012-7477","0","","서울특별시 은평구 신사동 **-**번지 ","서울특별시 은평구 증산로**길 *, *층 (신사동)","03450","퍼피하우스","2020-01-29 16:57:19","U","2022-05-27 00:00:00.0","","192379.648300999    ","454844.979806447    ","동물관련영업","위탁관리 ","","000","0"
"3110000","311000003720180063","2018-10-16","","04","취소/말소/만료/정지/중지","0004","말소","2022-05-26","","","","384-0075","0","","서울특별시 은평구 갈현동 ***-**번지 ","서울특별시 은평구 통일로 *** (갈현동)","03329","메디펫 동물병원","2018-10-16 09:36:12","I","2022-05-27 00:00:00.0","","192825.79571149     ","457740.673229191    ","동물관련영업","위탁관리 ","","000","0"
"3110000","311000003720180064","2018-10-16","","04","취소/말소/만료/정지/중지","0004","말소","2022-05-26","","","","384-0075","0","","서울특별시 은평구 갈현동 ***-**번지 ","서울특별시 은평구 통일로 *** (갈현동)","03329","메디펫 동물병원","2018-10-16 09:38:36","I","2022-05-27 00:00:00.0","","192825.79571149     ","457740.673229191    ","동물관련영업","미용(일반) ","","000","0"
"3110000","311000003720180065","2018-10-23","","04","취소/말소/만료/정지/중지","0004","말소","2022-05-26","","","","","0","","서울특별시 은평구 진관동 **번지 A동 ***호","서울특별시 은평구 통일로 ****, 은평뉴타운솔하임 A동 ***층 (진관동)","03300","아,이뻐 펫샵","2018-10-23 17:54:22","I","2022-05-27 00:00:00.0","","192702.578806614    ","459703.972784634    ","동물관련영업","미용(일반) ","","000","0"
"3110000","311000003720180066","2018-10-23","","04","취소/말소/만료/정지/중지","0004","말소","2022-05-26","","","","383-7337","0","","서울특별시 은평구 대조동 ***-**번지 ","서울특별시 은평구 서오릉로 *** (대조동)","03394","더독 동물병원","2018-10-23 18:00:33","I","2022-05-27 00:00:00.0","","192656.302129643    ","456562.163418874    ","동물관련영업","미용(일반) ","","000","0"
"3110000","311000003720180067","2018-10-23","","04","취소/말소/만료/정지/중지","0004","말소","2022-05-26","","","","388-0275","0","","서울특별시 은평구 역촌동 **-**번지 ","서울특별시 은평구 역말로 * (역촌동)","03415","도담동물병원","2018-10-23 18:07:21","I","2022-05-27 00:00:00.0","","192084.679813973    ","455936.970379394    ","동물관련영업","미용(일반) ","","000","0"
"3110000","311000003720180068","2018-10-30","","04","취소/말소/만료/정지/중지","0004","말소","2022-05-26","","","","356-7547","0","","서울특별시 은평구 역촌동 **-**번지 ","서울특별시 은평구 연서로 ** (역촌동)","03402","우신동물병원","2018-10-30 13:04:42","I","2022-05-27 00:00:00.0","","192499.264952138    ","455920.490562559    ","동물관련영업","미용(일반) ","","000","0"
"3110000","311000003720180069","2018-10-30","","04","취소/말소/만료/정지/중지","0004","말소","2022-05-26","","","","3152-0112","0","","서울특별시 은평구 역촌동 **-**번지 ","서울특별시 은평구 연서로*길 ** (역촌동)","03419","고마워 MIN","2018-10-30 13:08:59","I","2022-05-27 00:00:00.0","","192236.341615786    ","455569.564231832    ","동물관련영업","미용(일반) ","","000","0"
"3110000","311000003720180070","2018-10-30","","04","취소/말소/만료/정지/중지","0004","말소","2022-05-26","","","","3152-0112","0","","서울특별시 은평구 역촌동 **-**번지 ","서울특별시 은평구 연서로*길 ** (역촌동)","03419","고마워 MIN","2018-10-30 13:11:10","I","2022-05-27 00:00:00.0","","192236.341615786    ","455569.564231832    ","동물관련영업","위탁관리 ","","000","0"
"3110000","311000003720180071","2018-10-30","","04","취소/말소/만료/정지/중지","0004","말소","2022-05-26","","","","358-7582","0","","서울특별시 은평구 대조동 ***-**번지 ","서울특별시 은평구 연서로 *** (대조동)","03388","연서 동물병원","2018-10-30 13:28:00","I","2022-05-27 00:00:00.0","","192679.159197802    ","456765.950221384    ","동물관련영업","미용(일반) ","","000","0"
"3110000","311000003720180072","2018-11-14","","04","취소/말소/만료/정지/중지","0004","말소","2022-05-26","","","","","0","","서울특별시 은평구 녹번동 **-*번지 *층 ","서울특별시 은평구 통일로 ***, *층 (녹번동)","03382","도무스 펫샵","2018-11-14 10:42:08","I","2022-05-27 00:00:00.0","","194021.217110427    ","456037.784727081    ","동물관련영업","판매(일반) ","","000","0"
"3110000","311000003720180073","2018-11-14","","04","취소/말소/만료/정지/중지","0004","말소","2022-05-26","","","","","0","","서울특별시 은평구 녹번동 **-*번지 *층 ","서울특별시 은평구 통일로 ***, *층 (녹번동)","03382","도무스 펫샵","2018-11-14 10:45:22","I","2022-05-27 00:00:00.0","","194021.217110427    ","456037.784727081    ","동물관련영업","수입 ","","000","0"
"3110000","311000003720180074","2018-11-26","","04","취소/말소/만료/정지/중지","0004","말소","2022-05-26","","","","353-3858","0","","서울특별시 은평구 갈현동 ***-*번지 정운빌딩*층 ","서울특별시 은평구 연서로**길 **, 정운빌딩 *층 (갈현동)","03330","도그원","2019-11-13 13:05:06","U","2022-05-27 00:00:00.0","","192667.438048047    ","457480.990067897    ","동물관련영업","미용(일반) ","","L00","0"
"3110000","311000003720180075","2018-11-26","","04","취소/말소/만료/정지/중지","0004","말소","2022-05-26","","","","353-3858","0","","서울특별시 은평구 갈현동 ***-*번지 정운빌딩 *층 ","서울특별시 은평구 연서로**길 **, 정운빌딩 *층 (갈현동)","03330","도그원","2019-11-13 13:05:41","U","2022-05-27 00:00:00.0","","192667.438048047    ","457480.990067897    ","동물관련영업","위탁관리 ","","000","0"
"3110000","311000003720180076","2018-11-26","","04","취소/말소/만료/정지/중지","0004","말소","2022-05-26","","","","353-3858","0","","서울특별시 은평구 갈현동 ***-*번지 *층 ","서울특별시 은평구 연서로**길 **, *층 (갈현동)","03331","도그원","2019-11-13 13:04:27","U","2022-05-27 00:00:00.0","","192654.167300609    ","457455.656745945    ","동물관련영업","전시 ","","L00","0"
"3110000","311000003720180077","2018-12-12","","04","취소/말소/만료/정지/중지","0004","말소","2022-05-26","","","","","0","","서울특별시 은평구 역촌동 **-*번지 ","서울특별시 은평구 진흥로 **, *층 (역촌동)","03409","안녕 멍멍아","2018-12-12 16:26:28","I","2022-05-27 00:00:00.0","","192597.22192272     ","455303.491582147    ","동물관련영업","미용(일반) ","","000","0"
"3110000","311000003720180078","2018-12-21","","04","취소/말소/만료/정지/중지","0004","말소","2022-05-26","","","","","0","","서울특별시 은평구 역촌동 **-*번지 ","서울특별시 은평구 역말로*길 ** (역촌동)","03417","해피멍","2018-12-21 17:14:27","I","2022-05-27 00:00:00.0","","192381.654810529    ","455825.461698826    ","동물관련영업","미용(일반) ","","000","0"
"3110000","311000003720180079","2018-12-21","","04","취소/말소/만료/정지/중지","0004","말소","2022-05-26","","","","","0","","서울특별시 은평구 역촌동 **-*번지 ","서울특별시 은평구 역말로*길 ** (역촌동)","03417","해피멍","2018-12-21 17:17:11","I","2022-05-27 00:00:00.0","","192381.654810529    ","455825.461698826    ","동물관련영업","위탁관리 ","","000","0"
"3110000","311000003720180080","2018-12-28","","04","취소/말소/만료/정지/중지","0004","말소","2022-05-26","","","","","0","","서울특별시 은평구 역촌동 **-** ","서울특별시 은평구 연서로 **-* (역촌동)","03406","도그아지트","2021-05-31 16:52:15","U","2022-05-27 00:00:00.0","","192514.242136605    ","455667.824020723    ","동물관련영업","위탁관리 ","","000","0"
"3110000","311000003720180081","2018-12-28","","04","취소/말소/만료/정지/중지","0004","말소","2022-05-26","","","","","0","","서울특별시 은평구 역촌동 **-** ","서울특별시 은평구 연서로 **-* (역촌동)","03406","도그아지트","2021-05-31 16:36:10","U","2022-05-27 00:00:00.0","","192514.242136605    ","455667.824020723    ","동물관련영업","미용(일반) ","","000","0"
"3110000","311000003720180082","2018-12-28","","04","취소/말소/만료/정지/중지","0004","말소","2022-05-26","","","","","0","","서울특별시 은평구 역촌동 **-** ","서울특별시 은평구 연서로 **-* (역촌동)","03406","도그아지트","2021-05-31 16:46:41","U","2022-05-27 00:00:00.0","","192514.242136605    ","455667.824020723    ","동물관련영업","전시 ","","000","0"
"3110000","311000003720190001","2019-02-25","","04","취소/말소/만료/정지/중지","0004","말소","2022-05-26","","","","","0","","서울특별시 은평구 진관동 ***-** ","서울특별시 은평구 대서문길 **, 북한산성상가 A동 ***호 (진관동)","03307","국립공원 특산품 판매점","2021-11-05 09:14:31","U","2022-05-27 00:00:00.0","","195358.535748819    ","461455.876513588    ","동물관련영업","위탁관리 ","","000","0"
"3110000","311000003720190002","2019-03-28","","04","취소/말소/만료/정지/중지","0004","말소","2022-05-26","","","","","0","","서울특별시 은평구 응암동 ***-**번지 ","서울특별시 은평구 응암로 *** (응암동)","03467","개인의 취향","2019-03-28 16:15:22","I","2022-05-27 00:00:00.0","","192666.568684063    ","454360.066021646    ","동물관련영업","미용(일반) ","","000","0"
"3110000","311000003720190003","2019-03-28","","04","취소/말소/만료/정지/중지","0004","말소","2022-05-26","","","","","0","","서울특별시 은평구 응암동 ***-* ","서울특별시 은평구 응암로**길 **-* (응암동)","03480","디어도그","2021-06-24 10:33:27","U","2022-05-27 00:00:00.0","","192863.858372328    ","453842.02636248     ","동물관련영업","미용(일반) ","","000","0"
"3110000","311000003720190004","2019-03-28","","04","취소/말소/만료/정지/중지","0004","말소","2022-05-26","","","","","0","","서울특별시 은평구 응암동 ***-* ","서울특별시 은평구 응암로**길 **-* (응암동)","03480","디어도그","2021-06-24 10:30:49","U","2022-05-27 00:00:00.0","","192863.858372328    ","453842.02636248     ","동물관련영업","위탁관리 ","","000","0"
"3110000","311000003720190005","2019-04-05","","04","취소/말소/만료/정지/중지","0004","말소","2022-05-26","","","","","0","","서울특별시 은평구 응암동 ***-**번지 ","서울특별시 은평구 백련산로 ***-* (응암동)","03463","스머프 애견미용실","2019-04-05 16:14:10","I","2022-05-27 00:00:00.0","","193308.296586844    ","455092.392266802    ","동물관련영업","미용(일반) ","","000","0"
"3110000","311000003720190006","2019-04-18","","04","취소/말소/만료/정지/중지","0004","말소","2022-05-26","","","","","0","","서울특별시 은평구 녹번동 ***-*번지 ","서울특별시 은평구 서오릉로 ** (녹번동)","03459","댕댕이미용실","2019-04-18 13:16:45","I","2022-05-27 00:00:00.0","","193314.982945046    ","455685.411947507    ","동물관련영업","미용(일반) ","","000","0"
"3110000","311000003720190007","2019-04-22","","04","취소/말소/만료/정지/중지","0004","말소","2022-05-26","","","","02-309-1485","0","","서울특별시 은평구 신사동 ***-*번지 ","서울특별시 은평구 은평터널로 *** (신사동)","03444","똥강아지","2019-04-22 09:04:22","I","2022-05-27 00:00:00.0","","191592.597391116    ","454308.619263477    ","동물관련영업","미용(일반) ","","000","0"
"3110000","311000003720190008","2019-05-08","","04","취소/말소/만료/정지/중지","0004","말소","2022-05-26","","","","","0","","서울특별시 은평구 응암동 ***-*번지 ","서울특별시 은평구 가좌로*나길 ** (응암동)","03483","애견천국","2019-05-08 11:30:06","I","2022-05-27 00:00:00.0","","192800.846246726    ","453458.70649577     ","동물관련영업","미용(일반) ","","000","0"
"3110000","311000003720190009","2019-05-30","","04","취소/말소/만료/정지/중지","0004","말소","2022-05-26","","","","02-6964-8276","0","","서울특별시 은평구 녹번동 ***번지 ","서울특별시 은평구 은평로 ***, *층 (녹번동)","03383","24시치유동물의료센터","2019-05-30 18:46:53","I","2022-05-27 00:00:00.0","","193868.154939764    ","455457.016651431    ","동물관련영업","미용(일반) ","","000","0"
"3110000","311000003720190010","2019-06-09","","04","취소/말소/만료/정지/중지","0004","말소","2022-05-26","","","","","0","","서울특별시 은평구 불광동 ***-***번지 ","서울특별시 은평구 통일로 ***, M타워 지*층 (불광동)","03344","메르시몽프레","2020-02-14 09:00:20","U","2022-05-27 00:00:00.0","","192907.128010724    ","457599.061362597    ","동물관련영업","위탁관리 ","","000","0"
"3110000","311000003720190011","2019-06-09","","04","취소/말소/만료/정지/중지","0004","말소","2022-05-26","","","","","0","","서울특별시 은평구 불광동 ***-***번지 ","서울특별시 은평구 통일로 ***, M타워 지*층 (불광동)","03344","메르시몽프레","2020-02-14 08:45:44","U","2022-05-27 00:00:00.0","","192907.128010724    ","457599.061362597    ","동물관련영업","미용(일반) ","","000","0"
"3110000","311000003720190012","2019-07-31","","04","취소/말소/만료/정지/중지","0004","말소","2022-05-26","","","","","0","","서울특별시 은평구 응암동 ***-**번지 ","서울특별시 은평구 가좌로*길 **-*, 지하층 (응암동)","03482","아름다운 애견","2019-07-31 17:47:13","I","2022-05-27 00:00:00.0","","192679.807964469    ","453722.832519172    ","동물관련영업","판매(일반) ","","000","0"
"3110000","311000003720190013","2019-10-18","","04","취소/말소/만료/정지/중지","0004","말소","2022-05-26","","","","","0","","서울특별시 은평구 불광동 ***번지 ","서울특별시 은평구 통일로 *** (불광동)","03337","금지옥엽","2019-10-18 10:30:08","I","2022-05-27 00:00:00.0","","192874.344674623    ","458321.955024495    ","동물관련영업","미용(일반) ","","000","0"
"3110000","311000003720190014","2019-10-24","","04","취소/말소/만료/정지/중지","0004","말소","2022-05-26","","","","","0","","서울특별시 은평구 응암동 ***-** ","서울특별시 은평구 응암로 ***, *층 (응암동)","03467","애견미니호텔","2021-12-10 14:08:27","U","2022-05-27 00:00:00.0","","192691.207658184    ","454508.152255488    ","동물관련영업","미용(일반) ","","000","0"
"3110000","311000003720190015","2019-10-24","","04","취소/말소/만료/정지/중지","0004","말소","2022-05-26","","","","","0","","서울특별시 은평구 응암동 ***-** ","서울특별시 은평구 응암로 ***, *층 (응암동)","03467","애견미니호텔","2021-12-10 15:12:21","U","2022-05-27 00:00:00.0","","192691.207658184    ","454508.152255488    ","동물관련영업","위탁관리 ","","000","0"
"3110000","311000003720190016","2019-11-20","","04","취소/말소/만료/정지/중지","0004","말소","2022-05-26","","","","","0","","서울특별시 은평구 불광동 ***-***번지 ","서울특별시 은평구 통일로 ***, M타워 지층 (불광동)","03344","메르시몽프레","2020-02-14 09:13:52","U","2022-05-27 00:00:00.0","","192907.128010724    ","457599.061362597    ","동물관련영업","전시 ","","000","0"
"3110000","311000003720190017","2019-11-22","","04","취소/말소/만료/정지/중지","0004","말소","2022-05-26","","","","02-353-5803","0","","서울특별시 은평구 응암동 ***-**번지 ","서울특별시 은평구 응암로**길 **, *층 (응암동)","03466","honapet(호나펫)","2019-11-22 09:53:05","I","2022-05-27 00:00:00.0","","193011.026498811    ","454575.919199341    ","동물관련영업","미용(일반) ","","000","0"
"3110000","311000003720190018","2019-11-22","","04","취소/말소/만료/정지/중지","0004","말소","2022-05-26","","","","02-353-5803","0","","서울특별시 은평구 응암동 ***-**번지 ","서울특별시 은평구 응암로**길 **, *층 (응암동)","03466","honapet(호나펫)","2019-11-22 10:06:45","I","2022-05-27 00:00:00.0","","193011.026498811    ","454575.919199341    ","동물관련영업","위탁관리 ","","000","0"
"3110000","311000003720190019","2019-11-25","","04","취소/말소/만료/정지/중지","0004","말소","2022-05-26","","","","","0","","서울특별시 은평구 증산동 ***-**번지 ","서울특별시 은평구 증산서길 ***, 제*층 제*호 (증산동)","03496","스마트독까페","2019-11-25 10:56:37","I","2022-05-27 00:00:00.0","","191918.833139325    ","453724.168763358    ","동물관련영업","운송 ","","000","0"
"3110000","311000003720190021","2019-11-26","","04","취소/말소/만료/정지/중지","0004","말소","2022-05-26","","","","","0","","서울특별시 은평구 응암동 **-*번지 ","서울특별시 은평구 통일로 ***, *층 (응암동)","03473","개털깎개","2019-11-26 08:55:23","I","2022-05-27 00:00:00.0","","194319.569950958    ","455231.891004333    ","동물관련영업","미용(일반) ","","000","0"
"3110000","311000003720190022","2019-11-26","","04","취소/말소/만료/정지/중지","0004","말소","2022-05-26","","","","","0","","서울특별시 은평구 증산동 ***-**번지 ","서울특별시 은평구 증산서길 ***, 제*층 제*호 (증산동)","03496","스마트독까페","2020-04-09 09:17:09","U","2022-05-27 00:00:00.0","","191918.833139325    ","453724.168763358    ","동물관련영업","판매(일반) ","","000","0"
"3110000","311000003720190023","2019-11-28","","04","취소/말소/만료/정지/중지","0004","말소","2022-05-26","","","","","0","","서울특별시 은평구 불광동 ***-*번지 ","서울특별시 은평구 불광로 **, *층 (불광동)","03355","고인걸애견미용?","2019-11-28 10:35:25","I","2022-05-27 00:00:00.0","","193948.481525933    ","456910.894080245    ","동물관련영업","미용(일반) ","","000","0"
"3110000","311000003720190024","2019-11-28","","04","취소/말소/만료/정지/중지","0004","말소","2022-05-26","","","","","0","","서울특별시 은평구 갈현동 ***-**번지 ","서울특별시 은평구 갈현로 ***, *층 (갈현동)","03324","뽀송펫","2019-11-28 13:29:00","I","2022-05-27 00:00:00.0","","192319.267112972    ","457099.430398749    ","동물관련영업","미용(일반) ","","000","0"
"3110000","311000003720190025","2019-11-28","","04","취소/말소/만료/정지/중지","0004","말소","2022-05-26","","","","","0","","서울특별시 은평구 대조동 ***-** 북한산 포레스트 ","서울특별시 은평구 서오릉로 **(대조동, 북한산 포레스트)","03395","새은평동물의료센터","2022-03-14 16:04:44","U","2022-05-27 00:00:00.0","","193059.53692408     ","456143.236850271    ","동물관련영업","미용(일반) ","","000","0"
"3110000","311000003720200001","2020-01-03","","04","취소/말소/만료/정지/중지","0004","말소","2022-05-26","","","","02-385-8884","0","","서울특별시 은평구 갈현동 ***-**번지 ","서울특별시 은평구 갈현로 ***, *층 (갈현동)","03332","조이펫?","2020-01-03 17:40:20","I","2022-05-27 00:00:00.0","","192441.146366445    ","457290.445569543    ","동물관련영업","미용(일반) ","","000","0"
"3110000","311000003720200002","2020-01-30","","04","취소/말소/만료/정지/중지","0004","말소","2022-05-26","","","","","0","","서울특별시 은평구 응암동 **-**번지 ","서울특별시 은평구 은평로**길 *-**, *층 (응암동)","03462","The 이뿌개","2020-01-30 09:20:33","I","2022-05-27 00:00:00.0","","193278.564871738    ","455325.431216289    ","동물관련영업","위탁관리 ","","000","0"
"3110000","311000003720200003","2020-01-30","","04","취소/말소/만료/정지/중지","0004","말소","2022-05-26","","","","","0","","서울특별시 은평구 응암동 **-**번지 ","서울특별시 은평구 은평로**길 *-**, *층 (응암동)","03462","The 이뿌개","2020-01-30 09:26:53","I","2022-05-27 00:00:00.0","","193278.564871738    ","455325.431216289    ","동물관련영업","미용(일반) ","","000","0"
"3110000","311000003720200004","2020-03-05","","04","취소/말소/만료/정지/중지","0004","말소","2022-05-26","","","","","0","","서울특별시 은평구 진관동 ** 은평뉴타운 제각말 ","서울특별시 은평구 연서로 ***, ***동 ***호 (진관동, 은평뉴타운 제각말)","03305","몽슈슈 강아지","2021-12-15 13:23:28","U","2022-05-27 00:00:00.0","","192579.673233986    ","459159.521813851    ","동물관련영업","위탁관리 ","","000","0"
"3110000","311000003720200005","2020-03-05","","04","취소/말소/만료/정지/중지","0004","말소","2022-05-26","","","","","0","","서울특별시 은평구 진관동 **번지 은평뉴타운 제각말 ","서울특별시 은평구 연서로 ***, ***동 ***호 (진관동, 은평뉴타운 제각말)","03305","몽슈슈 강아지","2020-03-05 16:15:12","I","2022-05-27 00:00:00.0","","192579.673233986    ","459159.521813851    ","동물관련영업","미용(일반) ","","000","0"
"3110000","311000003720200006","2020-03-12","","04","취소/말소/만료/정지/중지","0004","말소","2022-05-26","","","","","0","","서울특별시 은평구 불광동 ***-** 동진홈타운 ","서울특별시 은평구 통일로**길 **-*, ***호 (불광동, 동진홈타운)","03337","멍멍택시","2021-01-22 14:41:31","U","2022-05-27 00:00:00.0","","193052.26610831     ","458363.641289753    ","동물관련영업","운송 ","","000","0"
"3110000","311000003720200007","2020-04-24","","04","취소/말소/만료/정지/중지","0004","말소","2022-05-26","","","","","0","","서울특별시 은평구 녹번동 ***-** 현대 아파트 ","서울특별시 은평구 녹번로 **, ***동 ****호 (녹번동, 현대 아파트)","03381","멍멍택시","2021-07-28 13:39:21","U","2022-05-27 00:00:00.0","","193677.448995058    ","455842.688366355    ","동물관련영업","운송 ","","000","0"
"3110000","311000003720200008","2020-06-10","","04","취소/말소/만료/정지/중지","0004","말소","2022-05-26","","","","02-384-7585","0","","서울특별시 은평구 불광동 ***번지 ","서울특별시 은평구 통일로 ***, *층 (불광동)","03337","강아지 나라 애완용품 할인점","2020-06-10 13:14:54","I","2022-05-27 00:00:00.0","","192864.966855814    ","458342.089220475    ","동물관련영업","미용(일반) ","","000","0"
"3110000","311000003720200009","2020-06-23","","04","취소/말소/만료/정지/중지","0004","말소","2022-05-26","","","","029182131","0","","서울특별시 은평구 진관동 **-*번지 ","서울특별시 은평구 통일로 ****, 서울**자**** (진관동)","03300","마카롱티1 서울33자8323","2020-06-23 09:43:04","I","2022-05-27 00:00:00.0","","","","동물관련영업","운송 ","","L00","0"
"3110000","311000003720200010","2020-06-23","","04","취소/말소/만료/정지/중지","0004","말소","2022-05-26","","","","029182131","0","","서울특별시 은평구 진관동 **-*번지 ","서울특별시 은평구 통일로 ****, 서울**바**** (진관동)","03300","마카롱티1 서울37바2441","2020-06-23 09:51:37","I","2022-05-27 00:00:00.0","","","","동물관련영업","운송 ","","L00","0"
"3110000","311000003720200011","2020-06-23","","04","취소/말소/만료/정지/중지","0004","말소","2022-05-26","","","","029182131","0","","서울특별시 은평구 진관동 **-*번지 ","서울특별시 은평구 통일로 ****, 서울**바**** (진관동)","03300","마카롱티1 서울37바2445","2020-06-23 09:56:49","I","2022-05-27 00:00:00.0","","","","동물관련영업","운송 ","","L00","0"
"3110000","311000003720200012","2020-06-23","","04","취소/말소/만료/정지/중지","0004","말소","2022-05-26","","","","029182131","0","","서울특별시 은평구 진관동 **-*번지 ","서울특별시 은평구 통일로 ****, 서울**자**** (진관동)","03300","마카롱티1 서울33자8309","2020-06-23 10:07:42","I","2022-05-27 00:00:00.0","","","","동물관련영업","운송 ","","L00","0"
"3110000","311000003720200013","2020-06-26","","04","취소/말소/만료/정지/중지","0004","말소","2022-05-26","","","","0260144777","0","","서울특별시 은평구 응암동 ***-** ","서울특별시 은평구 응암로**길 **-*, *층 (응암동)","03466","낭만고양이","2021-11-03 14:26:14","U","2022-05-27 00:00:00.0","","192819.69760967     ","454611.174732564    ","동물관련영업","판매(일반) ","","000","0"
"3110000","311000003720200014","2020-06-29","","04","취소/말소/만료/정지/중지","0004","말소","2022-05-26","","","","0260144777","0","","서울특별시 은평구 응암동 ***-** ","서울특별시 은평구 응암로**길 **-*, *층 (응암동)","03466","낭만고양이","2021-11-03 18:09:59","U","2022-05-27 00:00:00.0","","192819.69760967     ","454611.174732564    ","동물관련영업","전시 ","","000","0"
"3110000","311000003720200015","2020-06-29","","04","취소/말소/만료/정지/중지","0004","말소","2022-05-26","","","","0260144777","0","","서울특별시 은평구 응암동 ***-** ","서울특별시 은평구 응암로**길 **-*, *층 (응암동)","03466","낭만고양이","2021-11-03 18:09:08","U","2022-05-27 00:00:00.0","","192819.69760967     ","454611.174732564    ","동물관련영업","위탁관리 ","","000","0"
"3110000","311000003720200016","2020-07-03","","03","폐업","0002","폐업","2024-12-08","","","","","0","","서울특별시 은평구 갈현동 ***-** ","서울특별시 은평구 갈현로**가길 **-** (갈현동)","03317","우리집고양이","2024-12-12 11:08:59","U","2024-12-14 02:40:00.0","","192286.960437257    ","458131.439331831    ","동물생산업","동물생산업","","000","0"
"3110000","311000003720200017","2020-08-03","","04","취소/말소/만료/정지/중지","0004","말소","2022-05-26","","","","023888800","0","","서울특별시 은평구 신사동 *-** ","서울특별시 은평구 갈현로 **, *층 (신사동)","03423","애견발자국","2020-08-03 10:19:49","I","2022-05-27 00:00:00.0","","192015.980679868    ","455278.57072966     ","동물관련영업","미용(일반) ","","000","0"
"3110000","311000003720200018","2020-09-15","","04","취소/말소/만료/정지/중지","0004","말소","2022-05-26","","","","023841110","0","","서울특별시 은평구 녹번동 **-* ","서울특별시 은평구 통일로 *** (녹번동)","03382","어울동물의료센터","2020-09-15 09:20:52","I","2022-05-27 00:00:00.0","","194068.721660716    ","455951.192726429    ","동물관련영업","위탁관리 ","","000","0"
"3110000","311000003720200019","2020-09-15","","04","취소/말소/만료/정지/중지","0004","말소","2022-05-26","","","","023841110","0","","서울특별시 은평구 녹번동 **-* ","서울특별시 은평구 통일로 *** (녹번동)","03382","어울동물의료센터","2020-09-15 09:34:45","I","2022-05-27 00:00:00.0","","194068.721660716    ","455951.192726429    ","동물관련영업","미용(일반) ","","000","0"
"3110000","311000003720200020","2020-11-16","","04","취소/말소/만료/정지/중지","0004","말소","2022-05-26","","","","02-6956-7599","0","","서울특별시 은평구 불광동 ***-** ","서울특별시 은평구 불광로 **, *층 (불광동)","03358","동물병원 움","2020-11-16 10:14:06","I","2022-05-27 00:00:00.0","","193901.054217708    ","456670.845810295    ","동물관련영업","미용(일반) ","","000","0"
"3110000","311000003720200021","2020-12-10","","01","영업/정상","0000","정상","","","","","","0","","서울특별시 은평구 녹번동 ***-** ","서울특별시 은평구 녹번로 **, *층 (녹번동)","03381","LOVELY CAT","2023-06-02 14:52:01","U","2023-06-04 02:40:00.0","","193700.120764594    ","455898.374124897    ","동물생산업","동물생산업","","000","0"
"3110000","311000003720210001","2021-01-05","","04","취소/말소/만료/정지/중지","0004","말소","2022-05-26","","","","02-351-4441","0","","서울특별시 은평구 응암동 ***-** ","서울특별시 은평구 응암로**가길 **, *층 (응암동)","03456","에이펫","2021-01-05 15:17:43","I","2022-05-27 00:00:00.0","","192616.056571496    ","454732.412593791    ","동물관련영업","미용(일반) ","","000","0"
"3110000","311000003720210002","2021-01-06","","01","영업/정상","0000","정상","","","","","","0","","서울특별시 은평구 응암동 ***-** ","서울특별시 은평구 응암로**길 **-**, *층 (응암동)","03467","그냥","2023-06-02 14:57:39","U","2023-06-04 02:40:00.0","","192836.856800669    ","454545.38895101     ","동물생산업","동물생산업","","000","0"
"3110000","311000003720210003","2021-04-09","","04","취소/말소/만료/정지/중지","0004","말소","2022-05-26","","","","","0","","서울특별시 은평구 응암동 ***-** ","서울특별시 은평구 응암로**길 **, *층 (응암동)","03469","별이&체리","2021-04-09 14:13:44","I","2022-05-27 00:00:00.0","","192814.497870745    ","454189.379216465    ","동물관련영업","미용(일반) ","","000","0"
"3110000","311000003720210004","2021-04-09","","04","취소/말소/만료/정지/중지","0004","말소","2022-05-26","","","","","0","","서울특별시 은평구 응암동 ***-** ","서울특별시 은평구 응암로**길 **, *층 (응암동)","03469","별이&체리","2021-04-09 14:19:42","I","2022-05-27 00:00:00.0","","192814.497870745    ","454189.379216465    ","동물관련영업","위탁관리 ","","000","0"
"3110000","311000003720210005","2021-04-22","","04","취소/말소/만료/정지/중지","0004","말소","2022-05-26","","","","02-6014-1121","0","","서울특별시 은평구 역촌동 **-** ","서울특별시 은평구 갈현로 **, *층 (역촌동)","03419","오!뚜기","2021-04-22 15:52:15","I","2022-05-27 00:00:00.0","","192036.48286475     ","455756.06329012     ","동물관련영업","미용(일반) ","","000","0"
"3110000","311000003720210006","2021-04-23","","04","취소/말소/만료/정지/중지","0004","말소","2022-05-26","","","","","0","","서울특별시 은평구 갈현동 *-** ","서울특별시 은평구 갈현로**길 **-*, ***루**** ***호 (갈현동)","03314","반려하다","2021-04-23 10:16:49","I","2022-05-27 00:00:00.0","","192748.956689864    ","458397.325167407    ","동물관련영업","운송 ","","000","0"
"3110000","311000003720210007","2021-05-12","","04","취소/말소/만료/정지/중지","0004","말소","2022-05-26","","","","","0","","서울특별시 은평구 구산동 **-** 구산동주택 ","서울특별시 은평구 연서로*길 **, 구산동주택 *층 (구산동)","03414","투숑펫살롱","2021-05-12 11:15:52","I","2022-05-27 00:00:00.0","","192153.101190079    ","456147.354789321    ","동물관련영업","미용(일반) ","","000","0"
"3110000","311000003720210008","2021-05-13","","04","취소/말소/만료/정지/중지","0004","말소","2022-05-26","","","","","0","","서울특별시 은평구 역촌동 **-* 더클래스 ","서울특별시 은평구 연서로*길 *, ***호 (역촌동, 더클래스)","03406","라움","2021-05-13 15:56:59","I","2022-05-27 00:00:00.0","","192550.595264087    ","455758.744310113    ","동물관련영업","미용(일반) ","","000","0"
"3110000","311000003720210009","2021-05-17","","04","취소/말소/만료/정지/중지","0004","말소","2022-05-26","","","","","0","","서울특별시 은평구 수색동 ***-** ","서울특별시 은평구 수색로 ***, *층 (수색동)","03487","몽냥몽냥 강아지분양 은평점","2021-05-17 13:05:02","I","2022-05-27 00:00:00.0","","190028.982761489    ","453844.108723968    ","동물관련영업","판매(일반) ","","000","0"
"3110000","311000003720210010","2021-05-20","","04","취소/말소/만료/정지/중지","0004","말소","2022-05-26","","","","","0","","서울특별시 은평구 구산동 **-** ","서울특별시 은평구 갈현로**길 **-*, *층 (구산동)","03413","더이쁘개","2021-05-20 13:53:11","I","2022-05-27 00:00:00.0","","192245.664999104    ","456190.350663037    ","동물관련영업","미용(일반) ","","000","0"
"3110000","311000003720210011","2021-06-04","","04","취소/말소/만료/정지/중지","0004","말소","2022-05-26","","","","023579623","0","","서울특별시 은평구 응암동 **-** 신일빌딩 ","서울특별시 은평구 은평로**길 **, 신일빌딩 *층 (응암동)","03471","블랑드펫","2021-06-04 15:41:04","I","2022-05-27 00:00:00.0","","193715.252004549    ","455244.771170185    ","동물관련영업","미용(일반) ","","000","0"
"3110000","311000003720210012","2021-07-07","","04","취소/말소/만료/정지/중지","0004","말소","2022-05-26","","","","","0","","서울특별시 은평구 응암동 ***-** ","서울특별시 은평구 백련산로 ***-*(응암동)","03463","스머프동물병원","2021-07-14 10:58:13","U","2022-05-27 00:00:00.0","","193308.296586844    ","455092.392266802    ","동물관련영업","미용(일반) ","","000","0"
"3110000","311000003720210013","2021-08-20","","04","취소/말소/만료/정지/중지","0004","말소","2022-05-26","","","","02-388-3108","0","","서울특별시 은평구 신사동 **-*** ","서울특별시 은평구 은평로 *(신사동)","03437","몽실몽실펫살롱","2021-08-26 13:51:36","U","2022-05-27 00:00:00.0","","191910.188821954    ","454942.95018707     ","동물관련영업","미용(일반) ","","000","0"
"3110000","311000003720220001","2022-01-10","","04","취소/말소/만료/정지/중지","0004","말소","2022-05-26","","","","","0","","서울특별시 은평구 갈현동 ***-* 라이프시티아파트 ","서울특별시 은평구 갈현로**길 **, ****호 (갈현동, 라이프시티아파트)","03322","은평 알라딘펫택시","2022-01-10 10:49:53","I","2022-05-27 00:00:00.0","","192023.008136463    ","457854.148431867    ","동물관련영업","운송 ","","000","0"
"3110000","311000003720220002","2022-02-16","","04","취소/말소/만료/정지/중지","0004","말소","2022-05-26","","","","","0","","서울특별시 은평구 증산동 ***-** ","서울특별시 은평구 증산서길 **(증산동)","03500","꽃길만 걷장","2022-02-16 15:46:34","I","2022-05-27 00:00:00.0","","191582.323190274    ","453325.37044026     ","동물관련영업","미용(일반) ","","000","0"
"3110000","311000003720220003","2022-02-28","","04","취소/말소/만료/정지/중지","0004","말소","2022-05-26","","","","","0","","서울특별시 은평구 역촌동 **-* 명남뉴아파트 ","서울특별시 은평구 진흥로*길 **, ***호 (역촌동, 명남뉴아파트)","03406","알라딘펫택시","2022-02-28 16:54:32","U","2022-05-27 00:00:00.0","","192709.734507804    ","455750.255701576    ","동물관련영업","운송 ","","000","0"
"3110000","311000003720220004","2022-03-21","","04","취소/말소/만료/정지/중지","0004","말소","2022-05-26","","","","","0","","서울특별시 은평구 녹번동 ***-** ","서울특별시 은평구 서오릉로*길 **, 대신아파트 ***호 (녹번동)","03380","pet53수0985","2022-03-21 08:55:52","I","2022-05-27 00:00:00.0","","193416.961615375    ","455928.212979926    ","동물관련영업","운송 ","","000","0"
"3110000","311000003720220005","2022-04-12","","04","취소/말소/만료/정지/중지","0004","말소","2022-05-26","","","","","0","","서울특별시 은평구 불광동 ***-* 유니파크 ***호","서울특별시 은평구 불광로 ***, 유니파크 *층 ***호 (불광동)","03354","피어나개","2022-04-12 15:59:03","I","2022-05-27 00:00:00.0","","193973.673621564    ","457400.585742127    ","동물관련영업","위탁관리 ","","000","0"
"3110000","311000003720220006","2022-04-12","","04","취소/말소/만료/정지/중지","0004","말소","2022-05-26","","","","","0","","서울특별시 은평구 불광동 ***-* 유니파크 ***호","서울특별시 은평구 불광로 ***, 유니파크 *층 ***호 (불광동)","03354","피어나개","2022-04-12 15:59:36","I","2022-05-27 00:00:00.0","","193973.673621564    ","457400.585742127    ","동물관련영업","미용(일반) ","","000","0"
"3110000","311000003720220007","2022-04-19","","04","취소/말소/만료/정지/중지","0004","말소","2022-05-26","","","","","0","","서울특별시 은평구 대조동 ***-** ","서울특별시 은평구 통일로**길 **(대조동)","03386","빵댕이넷","2022-04-21 15:19:59","U","2022-05-27 00:00:00.0","","192985.345285159    ","456927.507920024    ","동물관련영업","미용(일반) ","","000","0"
"3110000","311000003720220008","2022-04-27","","04","취소/말소/만료/정지/중지","0004","말소","2022-04-28","","","","","0","","서울특별시 은평구 갈현동 ***-** 금강블루 ***동 ***호","서울특별시 은평구 갈현로**길 **, ***동 ***호 (갈현동, 금강블루)","03323","pet115서1942","2022-04-27 17:04:28","I","2022-05-27 00:00:00.0","","192187.616160371    ","457317.7818565      ","동물관련영업","운송 ","","000","0"
"3110000","311000003720240001","2024-03-04","","01","영업/정상","0000","정상","","","","","","0","","서울특별시 은평구 녹번동 *-* ","서울특별시 은평구 통일로**길 **-* (녹번동)","03370","Marilovelle","2024-03-05 16:08:19","I","2024-03-07 00:16:07.0","","194109.446430035    ","456064.931550049    ","동물생산업","동물생산업","","000","0"
"3110000","311000003720240002","2024-06-28","","03","폐업","0002","폐업","2024-10-15","","","","","0","","서울특별시 은평구 역촌동 **-** ","서울특별시 은평구 진흥로*길 *-*, *층 (역촌동)","03405","조아라펫","2024-10-16 10:25:35","U","2024-10-18 02:40:00.0","","192911.322022432    ","455624.659828118    ","동물생산업","동물생산업","","000","0"
"3110000","311000003720240003","2024-10-28","","01","영업/정상","0000","정상","","","","","","0","","서울특별시 은평구 응암동 ***-** *층 ","서울특별시 은평구 응암로**길 **-*, *층 (응암동)","03463","씨티퍼피","2024-10-28 09:56:35","I","2024-10-30 00:12:25.0","","193212.372537141    ","455025.896272192    ","동물생산업","동물생산업","","000","0"
"3110000","311000004520100001","2010-06-03","","04","취소/말소/만료/정지/중지","0004","말소","2022-07-01","","","","","0","","서울특별시 은평구 갈현동 ***-* ","서울특별시 은평구 갈현로 *** (갈현동)","","강아지야 놀자","2022-04-28 18:11:01","I","2022-07-02 17:34:43.0","","192461.989032033    ","457392.447225178    ","동물관련영업","동물판매업(일반)","","000","0"
"3110000","311000005020220008","2022-04-27","","04","취소/말소/만료/정지/중지","0004","말소","2022-07-01","","","","","0","","서울특별시 은평구 갈현동 ***-** 금강블루 ***동 ***호","서울특별시 은평구 갈현로**길 **, ***동 ***호 (갈현동, 금강블루)","03323","pet115서1942","2022-04-29 11:13:51","I","2022-07-02 17:34:43.0","","192187.616160371    ","457317.7818565      ","동물관련영업","동물운송업","","000",""