dong,enrollpet_count,enrollpet_people,source_file,년도,등록주체(시군구),등록 품종수,동물소유자당동물등록수,합계,기준일자,개등록자수,개등록수,고양이등록자수,고양이등록수,자치구명,등록소유자수,동물소유자당등록동물수,해당동의등록대행업체수,데이터기준일,외장형_무선인식(RFID)종류,내장형(RFID),외장형(RFID),인식표,등록주체(기타-2009년이전등록),시군구,내장형,외장형,반려동물총계,품종수,소유자수,개체수(전체),동물소유자수(개),개체수(개),동물소유자수(고양이),개체수(고양이),데이터 기준일자,반려동물수,대행업체,기타(이벤트등),RFID내장형,RFID외장형,동물소유자당,집계기준,동물 등록수
당산동,322.0,271.0,yeongdeungpo_petStatus.csv,0.0,0.0,0.0,0.0,0.0,0,0.0,0.0,0.0,0.0,0,0.0,0.0,0.0,0,0.0,0.0,0.0,0.0,0.0,0,0.0,0.0,0.0,0.0,0.0,0.0,0.0,0.0,0.0,0.0,0,0.0,0.0,0.0,0.0,0.0,0.0,0,0.0
대림동,2725.0,2178.0,yeongdeungpo_petStatus.csv,0.0,0.0,0.0,0.0,0.0,0,0.0,0.0,0.0,0.0,0,0.0,0.0,0.0,0,0.0,0.0,0.0,0.0,0.0,0,0.0,0.0,0.0,0.0,0.0,0.0,0.0,0.0,0.0,0.0,0,0.0,0.0,0.0,0.0,0.0,0.0,0,0.0
도림동,1040.0,830.0,yeongdeungpo_petStatus.csv,0.0,0.0,0.0,0.0,0.0,0,0.0,0.0,0.0,0.0,0,0.0,0.0,0.0,0,0.0,0.0,0.0,0.0,0.0,0,0.0,0.0,0.0,0.0,0.0,0.0,0.0,0.0,0.0,0.0,0,0.0,0.0,0.0,0.0,0.0,0.0,0,0.0
신길동,5303.0,4212.0,yeongdeungpo_petStatus.csv,0.0,0.0,0.0,0.0,0.0,0,0.0,0.0,0.0,0.0,0,0.0,0.0,0.0,0,0.0,0.0,0.0,0.0,0.0,0,0.0,0.0,0.0,0.0,0.0,0.0,0.0,0.0,0.0,0.0,0,0.0,0.0,0.0,0.0,0.0,0.0,0,0.0
여의도동,2064.0,1659.0,yeongdeungpo_petStatus.csv,0.0,0.0,0.0,0.0,0.0,0,0.0,0.0,0.0,0.0,0,0.0,0.0,0.0,0,0.0,0.0,0.0,0.0,0.0,0,0.0,0.0,0.0,0.0,0.0,0.0,0.0,0.0,0.0,0.0,0,0.0,0.0,0.0,0.0,0.0,0.0,0,0.0
영등포동,721.0,567.0,yeongdeungpo_petStatus.csv,0.0,0.0,0.0,0.0,0.0,0,0.0,0.0,0.0,0.0,0,0.0,0.0,0.0,0,0.0,0.0,0.0,0.0,0.0,0,0.0,0.0,0.0,0.0,0.0,0.0,0.0,0.0,0.0,0.0,0,0.0,0.0,0.0,0.0,0.0,0.0,0,0.0
당산동1가,403.0,310.0,yeongdeungpo_petStatus.csv,0.0,0.0,0.0,0.0,0.0,0,0.0,0.0,0.0,0.0,0,0.0,0.0,0.0,0,0.0,0.0,0.0,0.0,0.0,0,0.0,0.0,0.0,0.0,0.0,0.0,0.0,0.0,0.0,0.0,0,0.0,0.0,0.0,0.0,0.0,0.0,0,0.0
당산동2가,277.0,217.0,yeongdeungpo_petStatus.csv,0.0,0.0,0.0,0.0,0.0,0,0.0,0.0,0.0,0.0,0,0.0,0.0,0.0,0,0.0,0.0,0.0,0.0,0.0,0,0.0,0.0,0.0,0.0,0.0,0.0,0.0,0.0,0.0,0.0,0,0.0,0.0,0.0,0.0,0.0,0.0,0,0.0
당산동3가,509.0,400.0,yeongdeungpo_petStatus.csv,0.0,0.0,0.0,0.0,0.0,0,0.0,0.0,0.0,0.0,0,0.0,0.0,0.0,0,0.0,0.0,0.0,0.0,0.0,0,0.0,0.0,0.0,0.0,0.0,0.0,0.0,0.0,0.0,0.0,0,0.0,0.0,0.0,0.0,0.0,0.0,0,0.0
당산동4가,563.0,462.0,yeongdeungpo_petStatus.csv,0.0,0.0,0.0,0.0,0.0,0,0.0,0.0,0.0,0.0,0,0.0,0.0,0.0,0,0.0,0.0,0.0,0.0,0.0,0,0.0,0.0,0.0,0.0,0.0,0.0,0.0,0.0,0.0,0.0,0,0.0,0.0,0.0,0.0,0.0,0.0,0,0.0
당산동5가,607.0,497.0,yeongdeungpo_petStatus.csv,0.0,0.0,0.0,0.0,0.0,0,0.0,0.0,0.0,0.0,0,0.0,0.0,0.0,0,0.0,0.0,0.0,0.0,0.0,0,0.0,0.0,0.0,0.0,0.0,0.0,0.0,0.0,0.0,0.0,0,0.0,0.0,0.0,0.0,0.0,0.0,0,0.0
당산동6가,209.0,159.0,yeongdeungpo_petStatus.csv,0.0,0.0,0.0,0.0,0.0,0,0.0,0.0,0.0,0.0,0,0.0,0.0,0.0,0,0.0,0.0,0.0,0.0,0.0,0,0.0,0.0,0.0,0.0,0.0,0.0,0.0,0.0,0.0,0.0,0,0.0,0.0,0.0,0.0,0.0,0.0,0,0.0
문래동1가,12.0,10.0,yeongdeungpo_petStatus.csv,0.0,0.0,0.0,0.0,0.0,0,0.0,0.0,0.0,0.0,0,0.0,0.0,0.0,0,0.0,0.0,0.0,0.0,0.0,0,0.0,0.0,0.0,0.0,0.0,0.0,0.0,0.0,0.0,0.0,0,0.0,0.0,0.0,0.0,0.0,0.0,0,0.0
문래동2가,62.0,45.0,yeongdeungpo_petStatus.csv,0.0,0.0,0.0,0.0,0.0,0,0.0,0.0,0.0,0.0,0,0.0,0.0,0.0,0,0.0,0.0,0.0,0.0,0.0,0,0.0,0.0,0.0,0.0,0.0,0.0,0.0,0.0,0.0,0.0,0,0.0,0.0,0.0,0.0,0.0,0.0,0,0.0
문래동3가,751.0,503.0,yeongdeungpo_petStatus.csv,0.0,0.0,0.0,0.0,0.0,0,0.0,0.0,0.0,0.0,0,0.0,0.0,0.0,0,0.0,0.0,0.0,0.0,0.0,0,0.0,0.0,0.0,0.0,0.0,0.0,0.0,0.0,0.0,0.0,0,0.0,0.0,0.0,0.0,0.0,0.0,0,0.0
문래동4가,96.0,74.0,yeongdeungpo_petStatus.csv,0.0,0.0,0.0,0.0,0.0,0,0.0,0.0,0.0,0.0,0,0.0,0.0,0.0,0,0.0,0.0,0.0,0.0,0.0,0,0.0,0.0,0.0,0.0,0.0,0.0,0.0,0.0,0.0,0.0,0,0.0,0.0,0.0,0.0,0.0,0.0,0,0.0
문래동5가,230.0,185.0,yeongdeungpo_petStatus.csv,0.0,0.0,0.0,0.0,0.0,0,0.0,0.0,0.0,0.0,0,0.0,0.0,0.0,0,0.0,0.0,0.0,0.0,0.0,0,0.0,0.0,0.0,0.0,0.0,0.0,0.0,0.0,0.0,0.0,0,0.0,0.0,0.0,0.0,0.0,0.0,0,0.0
문래동6가,485.0,405.0,yeongdeungpo_petStatus.csv,0.0,0.0,0.0,0.0,0.0,0,0.0,0.0,0.0,0.0,0,0.0,0.0,0.0,0,0.0,0.0,0.0,0.0,0.0,0,0.0,0.0,0.0,0.0,0.0,0.0,0.0,0.0,0.0,0.0,0,0.0,0.0,0.0,0.0,0.0,0.0,0,0.0
양평동1가,269.0,199.0,yeongdeungpo_petStatus.csv,0.0,0.0,0.0,0.0,0.0,0,0.0,0.0,0.0,0.0,0,0.0,0.0,0.0,0,0.0,0.0,0.0,0.0,0.0,0,0.0,0.0,0.0,0.0,0.0,0.0,0.0,0.0,0.0,0.0,0,0.0,0.0,0.0,0.0,0.0,0.0,0,0.0
양평동2가,356.0,283.0,yeongdeungpo_petStatus.csv,0.0,0.0,0.0,0.0,0.0,0,0.0,0.0,0.0,0.0,0,0.0,0.0,0.0,0,0.0,0.0,0.0,0.0,0.0,0,0.0,0.0,0.0,0.0,0.0,0.0,0.0,0.0,0.0,0.0,0,0.0,0.0,0.0,0.0,0.0,0.0,0,0.0
양평동3가,535.0,440.0,yeongdeungpo_petStatus.csv,0.0,0.0,0.0,0.0,0.0,0,0.0,0.0,0.0,0.0,0,0.0,0.0,0.0,0,0.0,0.0,0.0,0.0,0.0,0,0.0,0.0,0.0,0.0,0.0,0.0,0.0,0.0,0.0,0.0,0,0.0,0.0,0.0,0.0,0.0,0.0,0,0.0
양평동4가,335.0,285.0,yeongdeungpo_petStatus.csv,0.0,0.0,0.0,0.0,0.0,0,0.0,0.0,0.0,0.0,0,0.0,0.0,0.0,0,0.0,0.0,0.0,0.0,0.0,0,0.0,0.0,0.0,0.0,0.0,0.0,0.0,0.0,0.0,0.0,0,0.0,0.0,0.0,0.0,0.0,0.0,0,0.0
양평동5가,314.0,248.0,yeongdeungpo_petStatus.csv,0.0,0.0,0.0,0.0,0.0,0,0.0,0.0,0.0,0.0,0,0.0,0.0,0.0,0,0.0,0.0,0.0,0.0,0.0,0,0.0,0.0,0.0,0.0,0.0,0.0,0.0,0.0,0.0,0.0,0,0.0,0.0,0.0,0.0,0.0,0.0,0,0.0
양평동6가,290.0,217.0,yeongdeungpo_petStatus.csv,0.0,0.0,0.0,0.0,0.0,0,0.0,0.0,0.0,0.0,0,0.0,0.0,0.0,0,0.0,0.0,0.0,0.0,0.0,0,0.0,0.0,0.0,0.0,0.0,0.0,0.0,0.0,0.0,0.0,0,0.0,0.0,0.0,0.0,0.0,0.0,0,0.0
영등포동1가,149.0,121.0,yeongdeungpo_petStatus.csv,0.0,0.0,0.0,0.0,0.0,0,0.0,0.0,0.0,0.0,0,0.0,0.0,0.0,0,0.0,0.0,0.0,0.0,0.0,0,0.0,0.0,0.0,0.0,0.0,0.0,0.0,0.0,0.0,0.0,0,0.0,0.0,0.0,0.0,0.0,0.0,0,0.0
영등포동2가,227.0,175.0,yeongdeungpo_petStatus.csv,0.0,0.0,0.0,0.0,0.0,0,0.0,0.0,0.0,0.0,0,0.0,0.0,0.0,0,0.0,0.0,0.0,0.0,0.0,0,0.0,0.0,0.0,0.0,0.0,0.0,0.0,0.0,0.0,0.0,0,0.0,0.0,0.0,0.0,0.0,0.0,0,0.0
영등포동3가,94.0,61.0,yeongdeungpo_petStatus.csv,0.0,0.0,0.0,0.0,0.0,0,0.0,0.0,0.0,0.0,0,0.0,0.0,0.0,0,0.0,0.0,0.0,0.0,0.0,0,0.0,0.0,0.0,0.0,0.0,0.0,0.0,0.0,0.0,0.0,0,0.0,0.0,0.0,0.0,0.0,0.0,0,0.0
영등포동4가,116.0,88.0,yeongdeungpo_petStatus.csv,0.0,0.0,0.0,0.0,0.0,0,0.0,0.0,0.0,0.0,0,0.0,0.0,0.0,0,0.0,0.0,0.0,0.0,0.0,0,0.0,0.0,0.0,0.0,0.0,0.0,0.0,0.0,0.0,0.0,0,0.0,0.0,0.0,0.0,0.0,0.0,0,0.0
영등포동5가,116.0,86.0,yeongdeungpo_petStatus.csv,0.0,0.0,0.0,0.0,0.0,0,0.0,0.0,0.0,0.0,0,0.0,0.0,0.0,0,0.0,0.0,0.0,0.0,0.0,0,0.0,0.0,0.0,0.0,0.0,0.0,0.0,0.0,0.0,0.0,0,0.0,0.0,0.0,0.0,0.0,0.0,0,0.0
영등포동6가,112.0,79.0,yeongdeungpo_petStatus.csv,0.0,0.0,0.0,0.0,0.0,0,0.0,0.0,0.0,0.0,0,0.0,0.0,0.0,0,0.0,0.0,0.0,0.0,0.0,0,0.0,0.0,0.0,0.0,0.0,0.0,0.0,0.0,0.0,0.0,0,0.0,0.0,0.0,0.0,0.0,0.0,0,0.0
영등포동7가,433.0,334.0,yeongdeungpo_petStatus.csv,0.0,0.0,0.0,0.0,0.0,0,0.0,0.0,0.0,0.0,0,0.0,0.0,0.0,0,0.0,0.0,0.0,0.0,0.0,0,0.0,0.0,0.0,0.0,0.0,0.0,0.0,0.0,0.0,0.0,0,0.0,0.0,0.0,0.0,0.0,0.0,0,0.0
영등포동8가,239.0,198.0,yeongdeungpo_petStatus.csv,0.0,0.0,0.0,0.0,0.0,0,0.0,0.0,0.0,0.0,0,0.0,0.0,0.0,0,0.0,0.0,0.0,0.0,0.0,0,0.0,0.0,0.0,0.0,0.0,0.0,0.0,0.0,0.0,0.0,0,0.0,0.0,0.0,0.0,0.0,0.0,0,0.0
쌍문동,0,"3,717건",dobong_petStatus.csv,0.0,0.0,0.0,0.0,0.0,0,0.0,0.0,0.0,0.0,0,0.0,0.0,0.0,0,0.0,0.0,0.0,0.0,0.0,0,0.0,0.0,0.0,0.0,0.0,0.0,0.0,0.0,0.0,0.0,0,0.0,0.0,0.0,0.0,0.0,0.0,0,0.0
방학동,0,"3,481건",dobong_petStatus.csv,0.0,0.0,0.0,0.0,0.0,0,0.0,0.0,0.0,0.0,0,0.0,0.0,0.0,0,0.0,0.0,0.0,0.0,0.0,0,0.0,0.0,0.0,0.0,0.0,0.0,0.0,0.0,0.0,0.0,0,0.0,0.0,0.0,0.0,0.0,0.0,0,0.0
도봉동,0,"2,081건",dobong_petStatus.csv,0.0,0.0,0.0,0.0,0.0,0,0.0,0.0,0.0,0.0,0,0.0,0.0,0.0,0,0.0,0.0,0.0,0.0,0.0,0,0.0,0.0,0.0,0.0,0.0,0.0,0.0,0.0,0.0,0.0,0,0.0,0.0,0.0,0.0,0.0,0.0,0,0.0
창  동,0,"5,397건",dobong_petStatus.csv,0.0,0.0,0.0,0.0,0.0,0,0.0,0.0,0.0,0.0,0,0.0,0.0,0.0,0,0.0,0.0,0.0,0.0,0.0,0,0.0,0.0,0.0,0.0,0.0,0.0,0.0,0.0,0.0,0.0,0,0.0,0.0,0.0,0.0,0.0,0.0,0,0.0
공릉동,0,0,nowon_petStatus.csv,2012.0,0.0,7.0,1.14,8.0,2024-07-22,0.0,0.0,0.0,0.0,0,0.0,0.0,0.0,0,0.0,0.0,0.0,0.0,0.0,0,0.0,0.0,0.0,0.0,0.0,0.0,0.0,0.0,0.0,0.0,0,0.0,0.0,0.0,0.0,0.0,0.0,0,0.0
상계동,0,0,nowon_petStatus.csv,2012.0,0.0,4.0,1.4,7.0,2024-07-22,0.0,0.0,0.0,0.0,0,0.0,0.0,0.0,0,0.0,0.0,0.0,0.0,0.0,0,0.0,0.0,0.0,0.0,0.0,0.0,0.0,0.0,0.0,0.0,0,0.0,0.0,0.0,0.0,0.0,0.0,0,0.0
월계동,0,0,nowon_petStatus.csv,2012.0,0.0,2.0,1.33,4.0,2024-07-22,0.0,0.0,0.0,0.0,0,0.0,0.0,0.0,0,0.0,0.0,0.0,0.0,0.0,0,0.0,0.0,0.0,0.0,0.0,0.0,0.0,0.0,0.0,0.0,0,0.0,0.0,0.0,0.0,0.0,0.0,0,0.0
중계동,0,0,nowon_petStatus.csv,2012.0,0.0,1.0,1.0,1.0,2024-07-22,0.0,0.0,0.0,0.0,0,0.0,0.0,0.0,0,0.0,0.0,0.0,0.0,0.0,0,0.0,0.0,0.0,0.0,0.0,0.0,0.0,0.0,0.0,0.0,0,0.0,0.0,0.0,0.0,0.0,0.0,0,0.0
하계동,0,0,nowon_petStatus.csv,2012.0,0.0,1.0,1.0,1.0,2024-07-22,0.0,0.0,0.0,0.0,0,0.0,0.0,0.0,0,0.0,0.0,0.0,0.0,0.0,0,0.0,0.0,0.0,0.0,0.0,0.0,0.0,0.0,0.0,0.0,0,0.0,0.0,0.0,0.0,0.0,0.0,0,0.0
공릉동,0,0,nowon_petStatus.csv,2013.0,5.0,48.0,1.16,1671.0,2024-07-22,0.0,0.0,0.0,0.0,0,0.0,0.0,0.0,0,0.0,0.0,0.0,0.0,0.0,0,0.0,0.0,0.0,0.0,0.0,0.0,0.0,0.0,0.0,0.0,0,0.0,0.0,0.0,0.0,0.0,0.0,0,0.0
상계동,0,0,nowon_petStatus.csv,2013.0,13.0,59.0,1.18,3290.0,2024-07-22,0.0,0.0,0.0,0.0,0,0.0,0.0,0.0,0,0.0,0.0,0.0,0.0,0.0,0,0.0,0.0,0.0,0.0,0.0,0.0,0.0,0.0,0.0,0.0,0,0.0,0.0,0.0,0.0,0.0,0.0,0,0.0
월계동,0,0,nowon_petStatus.csv,2013.0,11.0,43.0,1.19,1232.0,2024-07-22,0.0,0.0,0.0,0.0,0,0.0,0.0,0.0,0,0.0,0.0,0.0,0.0,0.0,0,0.0,0.0,0.0,0.0,0.0,0.0,0.0,0.0,0.0,0.0,0,0.0,0.0,0.0,0.0,0.0,0.0,0,0.0
중계동,0,0,nowon_petStatus.csv,2013.0,3.0,42.0,1.13,1693.0,2024-07-22,0.0,0.0,0.0,0.0,0,0.0,0.0,0.0,0,0.0,0.0,0.0,0.0,0.0,0,0.0,0.0,0.0,0.0,0.0,0.0,0.0,0.0,0.0,0.0,0,0.0,0.0,0.0,0.0,0.0,0.0,0,0.0
하계동,0,0,nowon_petStatus.csv,2013.0,2.0,33.0,1.17,603.0,2024-07-22,0.0,0.0,0.0,0.0,0,0.0,0.0,0.0,0,0.0,0.0,0.0,0.0,0.0,0,0.0,0.0,0.0,0.0,0.0,0.0,0.0,0.0,0.0,0.0,0,0.0,0.0,0.0,0.0,0.0,0.0,0,0.0
공릉동,0,0,nowon_petStatus.csv,2014.0,1.0,32.0,1.1,299.0,2024-07-22,0.0,0.0,0.0,0.0,0,0.0,0.0,0.0,0,0.0,0.0,0.0,0.0,0.0,0,0.0,0.0,0.0,0.0,0.0,0.0,0.0,0.0,0.0,0.0,0,0.0,0.0,0.0,0.0,0.0,0.0,0,0.0
상계동,0,0,nowon_petStatus.csv,2014.0,5.0,45.0,1.15,668.0,2024-07-22,0.0,0.0,0.0,0.0,0,0.0,0.0,0.0,0,0.0,0.0,0.0,0.0,0.0,0,0.0,0.0,0.0,0.0,0.0,0.0,0.0,0.0,0.0,0.0,0,0.0,0.0,0.0,0.0,0.0,0.0,0,0.0
월계동,0,0,nowon_petStatus.csv,2014.0,2.0,28.0,1.16,347.0,2024-07-22,0.0,0.0,0.0,0.0,0,0.0,0.0,0.0,0,0.0,0.0,0.0,0.0,0.0,0,0.0,0.0,0.0,0.0,0.0,0.0,0.0,0.0,0.0,0.0,0,0.0,0.0,0.0,0.0,0.0,0.0,0,0.0
중계동,0,0,nowon_petStatus.csv,2014.0,7.0,33.0,1.14,376.0,2024-07-22,0.0,0.0,0.0,0.0,0,0.0,0.0,0.0,0,0.0,0.0,0.0,0.0,0.0,0,0.0,0.0,0.0,0.0,0.0,0.0,0.0,0.0,0.0,0.0,0,0.0,0.0,0.0,0.0,0.0,0.0,0,0.0
하계동,0,0,nowon_petStatus.csv,2014.0,0.0,24.0,1.13,164.0,2024-07-22,0.0,0.0,0.0,0.0,0,0.0,0.0,0.0,0,0.0,0.0,0.0,0.0,0.0,0,0.0,0.0,0.0,0.0,0.0,0.0,0.0,0.0,0.0,0.0,0,0.0,0.0,0.0,0.0,0.0,0.0,0,0.0
공릉동,0,0,nowon_petStatus.csv,2015.0,0.0,25.0,1.11,186.0,2024-07-22,0.0,0.0,0.0,0.0,0,0.0,0.0,0.0,0,0.0,0.0,0.0,0.0,0.0,0,0.0,0.0,0.0,0.0,0.0,0.0,0.0,0.0,0.0,0.0,0,0.0,0.0,0.0,0.0,0.0,0.0,0,0.0
상계동,0,0,nowon_petStatus.csv,2015.0,2.0,37.0,1.09,313.0,2024-07-22,0.0,0.0,0.0,0.0,0,0.0,0.0,0.0,0,0.0,0.0,0.0,0.0,0.0,0,0.0,0.0,0.0,0.0,0.0,0.0,0.0,0.0,0.0,0.0,0,0.0,0.0,0.0,0.0,0.0,0.0,0,0.0
월계동,0,0,nowon_petStatus.csv,2015.0,2.0,30.0,1.13,134.0,2024-07-22,0.0,0.0,0.0,0.0,0,0.0,0.0,0.0,0,0.0,0.0,0.0,0.0,0.0,0,0.0,0.0,0.0,0.0,0.0,0.0,0.0,0.0,0.0,0.0,0,0.0,0.0,0.0,0.0,0.0,0.0,0,0.0
중계동,0,0,nowon_petStatus.csv,2015.0,2.0,25.0,1.08,180.0,2024-07-22,0.0,0.0,0.0,0.0,0,0.0,0.0,0.0,0,0.0,0.0,0.0,0.0,0.0,0,0.0,0.0,0.0,0.0,0.0,0.0,0.0,0.0,0.0,0.0,0,0.0,0.0,0.0,0.0,0.0,0.0,0,0.0
하계동,0,0,nowon_petStatus.csv,2015.0,0.0,19.0,1.03,67.0,2024-07-22,0.0,0.0,0.0,0.0,0,0.0,0.0,0.0,0,0.0,0.0,0.0,0.0,0.0,0,0.0,0.0,0.0,0.0,0.0,0.0,0.0,0.0,0.0,0.0,0,0.0,0.0,0.0,0.0,0.0,0.0,0,0.0
공릉동,0,0,nowon_petStatus.csv,2016.0,1.0,22.0,1.04,118.0,2024-07-22,0.0,0.0,0.0,0.0,0,0.0,0.0,0.0,0,0.0,0.0,0.0,0.0,0.0,0,0.0,0.0,0.0,0.0,0.0,0.0,0.0,0.0,0.0,0.0,0,0.0,0.0,0.0,0.0,0.0,0.0,0,0.0
상계동,0,0,nowon_petStatus.csv,2016.0,1.0,41.0,1.13,379.0,2024-07-22,0.0,0.0,0.0,0.0,0,0.0,0.0,0.0,0,0.0,0.0,0.0,0.0,0.0,0,0.0,0.0,0.0,0.0,0.0,0.0,0.0,0.0,0.0,0.0,0,0.0,0.0,0.0,0.0,0.0,0.0,0,0.0
월계동,0,0,nowon_petStatus.csv,2016.0,1.0,26.0,1.08,131.0,2024-07-22,0.0,0.0,0.0,0.0,0,0.0,0.0,0.0,0,0.0,0.0,0.0,0.0,0.0,0,0.0,0.0,0.0,0.0,0.0,0.0,0.0,0.0,0.0,0.0,0,0.0,0.0,0.0,0.0,0.0,0.0,0,0.0
중계동,0,0,nowon_petStatus.csv,2016.0,0.0,28.0,1.11,151.0,2024-07-22,0.0,0.0,0.0,0.0,0,0.0,0.0,0.0,0,0.0,0.0,0.0,0.0,0.0,0,0.0,0.0,0.0,0.0,0.0,0.0,0.0,0.0,0.0,0.0,0,0.0,0.0,0.0,0.0,0.0,0.0,0,0.0
하계동,0,0,nowon_petStatus.csv,2016.0,2.0,16.0,1.06,69.0,2024-07-22,0.0,0.0,0.0,0.0,0,0.0,0.0,0.0,0,0.0,0.0,0.0,0.0,0.0,0,0.0,0.0,0.0,0.0,0.0,0.0,0.0,0.0,0.0,0.0,0,0.0,0.0,0.0,0.0,0.0,0.0,0,0.0
공릉동,0,0,nowon_petStatus.csv,2017.0,1.0,21.0,1.11,109.0,2024-07-22,0.0,0.0,0.0,0.0,0,0.0,0.0,0.0,0,0.0,0.0,0.0,0.0,0.0,0,0.0,0.0,0.0,0.0,0.0,0.0,0.0,0.0,0.0,0.0,0,0.0,0.0,0.0,0.0,0.0,0.0,0,0.0
상계동,0,0,nowon_petStatus.csv,2017.0,0.0,37.0,1.1,333.0,2024-07-22,0.0,0.0,0.0,0.0,0,0.0,0.0,0.0,0,0.0,0.0,0.0,0.0,0.0,0,0.0,0.0,0.0,0.0,0.0,0.0,0.0,0.0,0.0,0.0,0,0.0,0.0,0.0,0.0,0.0,0.0,0,0.0
월계동,0,0,nowon_petStatus.csv,2017.0,1.0,30.0,1.1,119.0,2024-07-22,0.0,0.0,0.0,0.0,0,0.0,0.0,0.0,0,0.0,0.0,0.0,0.0,0.0,0,0.0,0.0,0.0,0.0,0.0,0.0,0.0,0.0,0.0,0.0,0,0.0,0.0,0.0,0.0,0.0,0.0,0,0.0
중계동,0,0,nowon_petStatus.csv,2017.0,0.0,31.0,1.11,203.0,2024-07-22,0.0,0.0,0.0,0.0,0,0.0,0.0,0.0,0,0.0,0.0,0.0,0.0,0.0,0,0.0,0.0,0.0,0.0,0.0,0.0,0.0,0.0,0.0,0.0,0,0.0,0.0,0.0,0.0,0.0,0.0,0,0.0
하계동,0,0,nowon_petStatus.csv,2017.0,0.0,30.0,1.14,74.0,2024-07-22,0.0,0.0,0.0,0.0,0,0.0,0.0,0.0,0,0.0,0.0,0.0,0.0,0.0,0,0.0,0.0,0.0,0.0,0.0,0.0,0.0,0.0,0.0,0.0,0,0.0,0.0,0.0,0.0,0.0,0.0,0,0.0
공릉동,0,0,nowon_petStatus.csv,2018.0,1.0,25.0,1.06,164.0,2024-07-22,0.0,0.0,0.0,0.0,0,0.0,0.0,0.0,0,0.0,0.0,0.0,0.0,0.0,0,0.0,0.0,0.0,0.0,0.0,0.0,0.0,0.0,0.0,0.0,0,0.0,0.0,0.0,0.0,0.0,0.0,0,0.0
상계동,0,0,nowon_petStatus.csv,2018.0,10.0,43.0,1.12,413.0,2024-07-22,0.0,0.0,0.0,0.0,0,0.0,0.0,0.0,0,0.0,0.0,0.0,0.0,0.0,0,0.0,0.0,0.0,0.0,0.0,0.0,0.0,0.0,0.0,0.0,0,0.0,0.0,0.0,0.0,0.0,0.0,0,0.0
월계동,0,0,nowon_petStatus.csv,2018.0,5.0,26.0,1.15,171.0,2024-07-22,0.0,0.0,0.0,0.0,0,0.0,0.0,0.0,0,0.0,0.0,0.0,0.0,0.0,0,0.0,0.0,0.0,0.0,0.0,0.0,0.0,0.0,0.0,0.0,0,0.0,0.0,0.0,0.0,0.0,0.0,0,0.0
중계동,0,0,nowon_petStatus.csv,2018.0,11.0,34.0,1.13,238.0,2024-07-22,0.0,0.0,0.0,0.0,0,0.0,0.0,0.0,0,0.0,0.0,0.0,0.0,0.0,0,0.0,0.0,0.0,0.0,0.0,0.0,0.0,0.0,0.0,0.0,0,0.0,0.0,0.0,0.0,0.0,0.0,0,0.0
하계동,0,0,nowon_petStatus.csv,2018.0,4.0,24.0,1.07,130.0,2024-07-22,0.0,0.0,0.0,0.0,0,0.0,0.0,0.0,0,0.0,0.0,0.0,0.0,0.0,0,0.0,0.0,0.0,0.0,0.0,0.0,0.0,0.0,0.0,0.0,0,0.0,0.0,0.0,0.0,0.0,0.0,0,0.0
공릉동,0,0,nowon_petStatus.csv,2019.0,43.0,45.0,1.12,945.0,2024-07-22,0.0,0.0,0.0,0.0,0,0.0,0.0,0.0,0,0.0,0.0,0.0,0.0,0.0,0,0.0,0.0,0.0,0.0,0.0,0.0,0.0,0.0,0.0,0.0,0,0.0,0.0,0.0,0.0,0.0,0.0,0,0.0
상계동,0,0,nowon_petStatus.csv,2019.0,261.0,65.0,1.15,2720.0,2024-07-22,0.0,0.0,0.0,0.0,0,0.0,0.0,0.0,0,0.0,0.0,0.0,0.0,0.0,0,0.0,0.0,0.0,0.0,0.0,0.0,0.0,0.0,0.0,0.0,0,0.0,0.0,0.0,0.0,0.0,0.0,0,0.0
월계동,0,0,nowon_petStatus.csv,2019.0,104.0,45.0,1.19,1054.0,2024-07-22,0.0,0.0,0.0,0.0,0,0.0,0.0,0.0,0,0.0,0.0,0.0,0.0,0.0,0,0.0,0.0,0.0,0.0,0.0,0.0,0.0,0.0,0.0,0.0,0,0.0,0.0,0.0,0.0,0.0,0.0,0,0.0
중계동,0,0,nowon_petStatus.csv,2019.0,105.0,49.0,1.15,1472.0,2024-07-22,0.0,0.0,0.0,0.0,0,0.0,0.0,0.0,0,0.0,0.0,0.0,0.0,0.0,0,0.0,0.0,0.0,0.0,0.0,0.0,0.0,0.0,0.0,0.0,0,0.0,0.0,0.0,0.0,0.0,0.0,0,0.0
하계동,0,0,nowon_petStatus.csv,2019.0,41.0,36.0,1.11,632.0,2024-07-22,0.0,0.0,0.0,0.0,0,0.0,0.0,0.0,0,0.0,0.0,0.0,0.0,0.0,0,0.0,0.0,0.0,0.0,0.0,0.0,0.0,0.0,0.0,0.0,0,0.0,0.0,0.0,0.0,0.0,0.0,0,0.0
공릉동,0,0,nowon_petStatus.csv,2020.0,2.0,42.0,1.08,348.0,2024-07-22,0.0,0.0,0.0,0.0,0,0.0,0.0,0.0,0,0.0,0.0,0.0,0.0,0.0,0,0.0,0.0,0.0,0.0,0.0,0.0,0.0,0.0,0.0,0.0,0,0.0,0.0,0.0,0.0,0.0,0.0,0,0.0
상계동,0,0,nowon_petStatus.csv,2020.0,15.0,55.0,1.09,833.0,2024-07-22,0.0,0.0,0.0,0.0,0,0.0,0.0,0.0,0,0.0,0.0,0.0,0.0,0.0,0,0.0,0.0,0.0,0.0,0.0,0.0,0.0,0.0,0.0,0.0,0,0.0,0.0,0.0,0.0,0.0,0.0,0,0.0
월계동,0,0,nowon_petStatus.csv,2020.0,5.0,36.0,1.13,321.0,2024-07-22,0.0,0.0,0.0,0.0,0,0.0,0.0,0.0,0,0.0,0.0,0.0,0.0,0.0,0,0.0,0.0,0.0,0.0,0.0,0.0,0.0,0.0,0.0,0.0,0,0.0,0.0,0.0,0.0,0.0,0.0,0,0.0
중계동,0,0,nowon_petStatus.csv,2020.0,12.0,44.0,1.16,467.0,2024-07-22,0.0,0.0,0.0,0.0,0,0.0,0.0,0.0,0,0.0,0.0,0.0,0.0,0.0,0,0.0,0.0,0.0,0.0,0.0,0.0,0.0,0.0,0.0,0.0,0,0.0,0.0,0.0,0.0,0.0,0.0,0,0.0
하계동,0,0,nowon_petStatus.csv,2020.0,2.0,29.0,1.11,201.0,2024-07-22,0.0,0.0,0.0,0.0,0,0.0,0.0,0.0,0,0.0,0.0,0.0,0.0,0.0,0,0.0,0.0,0.0,0.0,0.0,0.0,0.0,0.0,0.0,0.0,0,0.0,0.0,0.0,0.0,0.0,0.0,0,0.0
공릉동,0,0,nowon_petStatus.csv,2021.0,9.0,47.0,1.15,575.0,2024-07-22,0.0,0.0,0.0,0.0,0,0.0,0.0,0.0,0,0.0,0.0,0.0,0.0,0.0,0,0.0,0.0,0.0,0.0,0.0,0.0,0.0,0.0,0.0,0.0,0,0.0,0.0,0.0,0.0,0.0,0.0,0,0.0
상계동,0,0,nowon_petStatus.csv,2021.0,12.0,62.0,1.17,1568.0,2024-07-22,0.0,0.0,0.0,0.0,0,0.0,0.0,0.0,0,0.0,0.0,0.0,0.0,0.0,0,0.0,0.0,0.0,0.0,0.0,0.0,0.0,0.0,0.0,0.0,0,0.0,0.0,0.0,0.0,0.0,0.0,0,0.0
월계동,0,0,nowon_petStatus.csv,2021.0,4.0,48.0,1.17,529.0,2024-07-22,0.0,0.0,0.0,0.0,0,0.0,0.0,0.0,0,0.0,0.0,0.0,0.0,0.0,0,0.0,0.0,0.0,0.0,0.0,0.0,0.0,0.0,0.0,0.0,0,0.0,0.0,0.0,0.0,0.0,0.0,0,0.0
중계동,0,0,nowon_petStatus.csv,2021.0,6.0,52.0,1.12,807.0,2024-07-22,0.0,0.0,0.0,0.0,0,0.0,0.0,0.0,0,0.0,0.0,0.0,0.0,0.0,0,0.0,0.0,0.0,0.0,0.0,0.0,0.0,0.0,0.0,0.0,0,0.0,0.0,0.0,0.0,0.0,0.0,0,0.0
하계동,0,0,nowon_petStatus.csv,2021.0,2.0,39.0,1.08,344.0,2024-07-22,0.0,0.0,0.0,0.0,0,0.0,0.0,0.0,0,0.0,0.0,0.0,0.0,0.0,0,0.0,0.0,0.0,0.0,0.0,0.0,0.0,0.0,0.0,0.0,0,0.0,0.0,0.0,0.0,0.0,0.0,0,0.0
공릉동,0,0,nowon_petStatus.csv,2022.0,2.0,33.0,1.06,163.0,2024-07-22,0.0,0.0,0.0,0.0,0,0.0,0.0,0.0,0,0.0,0.0,0.0,0.0,0.0,0,0.0,0.0,0.0,0.0,0.0,0.0,0.0,0.0,0.0,0.0,0,0.0,0.0,0.0,0.0,0.0,0.0,0,0.0
상계동,0,0,nowon_petStatus.csv,2022.0,6.0,49.0,1.21,567.0,2024-07-22,0.0,0.0,0.0,0.0,0,0.0,0.0,0.0,0,0.0,0.0,0.0,0.0,0.0,0,0.0,0.0,0.0,0.0,0.0,0.0,0.0,0.0,0.0,0.0,0,0.0,0.0,0.0,0.0,0.0,0.0,0,0.0
월계동,0,0,nowon_petStatus.csv,2022.0,1.0,26.0,1.08,185.0,2024-07-22,0.0,0.0,0.0,0.0,0,0.0,0.0,0.0,0,0.0,0.0,0.0,0.0,0.0,0,0.0,0.0,0.0,0.0,0.0,0.0,0.0,0.0,0.0,0.0,0,0.0,0.0,0.0,0.0,0.0,0.0,0,0.0
중계동,0,0,nowon_petStatus.csv,2022.0,20.0,34.0,1.16,261.0,2024-07-22,0.0,0.0,0.0,0.0,0,0.0,0.0,0.0,0,0.0,0.0,0.0,0.0,0.0,0,0.0,0.0,0.0,0.0,0.0,0.0,0.0,0.0,0.0,0.0,0,0.0,0.0,0.0,0.0,0.0,0.0,0,0.0
하계동,0,0,nowon_petStatus.csv,2022.0,1.0,21.0,1.02,91.0,2024-07-22,0.0,0.0,0.0,0.0,0,0.0,0.0,0.0,0,0.0,0.0,0.0,0.0,0.0,0,0.0,0.0,0.0,0.0,0.0,0.0,0.0,0.0,0.0,0.0,0,0.0,0.0,0.0,0.0,0.0,0.0,0,0.0
공릉동,0,0,nowon_petStatus.csv,2023.0,13.0,32.0,1.11,246.0,2024-07-22,0.0,0.0,0.0,0.0,0,0.0,0.0,0.0,0,0.0,0.0,0.0,0.0,0.0,0,0.0,0.0,0.0,0.0,0.0,0.0,0.0,0.0,0.0,0.0,0,0.0,0.0,0.0,0.0,0.0,0.0,0,0.0
상계동,0,0,nowon_petStatus.csv,2023.0,11.0,58.0,1.16,734.0,2024-07-22,0.0,0.0,0.0,0.0,0,0.0,0.0,0.0,0,0.0,0.0,0.0,0.0,0.0,0,0.0,0.0,0.0,0.0,0.0,0.0,0.0,0.0,0.0,0.0,0,0.0,0.0,0.0,0.0,0.0,0.0,0,0.0
월계동,0,0,nowon_petStatus.csv,2023.0,3.0,38.0,1.09,251.0,2024-07-22,0.0,0.0,0.0,0.0,0,0.0,0.0,0.0,0,0.0,0.0,0.0,0.0,0.0,0,0.0,0.0,0.0,0.0,0.0,0.0,0.0,0.0,0.0,0.0,0,0.0,0.0,0.0,0.0,0.0,0.0,0,0.0
중계동,0,0,nowon_petStatus.csv,2023.0,4.0,31.0,1.13,305.0,2024-07-22,0.0,0.0,0.0,0.0,0,0.0,0.0,0.0,0,0.0,0.0,0.0,0.0,0.0,0,0.0,0.0,0.0,0.0,0.0,0.0,0.0,0.0,0.0,0.0,0,0.0,0.0,0.0,0.0,0.0,0.0,0,0.0
하계동,0,0,nowon_petStatus.csv,2023.0,2.0,26.0,1.1,133.0,2024-07-22,0.0,0.0,0.0,0.0,0,0.0,0.0,0.0,0,0.0,0.0,0.0,0.0,0.0,0,0.0,0.0,0.0,0.0,0.0,0.0,0.0,0.0,0.0,0.0,0,0.0,0.0,0.0,0.0,0.0,0.0,0,0.0
공릉동,0,0,nowon_petStatus.csv,2024.0,0.0,22.0,1.05,124.0,2024-07-22,0.0,0.0,0.0,0.0,0,0.0,0.0,0.0,0,0.0,0.0,0.0,0.0,0.0,0,0.0,0.0,0.0,0.0,0.0,0.0,0.0,0.0,0.0,0.0,0,0.0,0.0,0.0,0.0,0.0,0.0,0,0.0
상계동,0,0,nowon_petStatus.csv,2024.0,6.0,38.0,1.07,327.0,2024-07-22,0.0,0.0,0.0,0.0,0,0.0,0.0,0.0,0,0.0,0.0,0.0,0.0,0.0,0,0.0,0.0,0.0,0.0,0.0,0.0,0.0,0.0,0.0,0.0,0,0.0,0.0,0.0,0.0,0.0,0.0,0,0.0
월계동,0,0,nowon_petStatus.csv,2024.0,2.0,24.0,1.06,103.0,2024-07-22,0.0,0.0,0.0,0.0,0,0.0,0.0,0.0,0,0.0,0.0,0.0,0.0,0.0,0,0.0,0.0,0.0,0.0,0.0,0.0,0.0,0.0,0.0,0.0,0,0.0,0.0,0.0,0.0,0.0,0.0,0,0.0
중계동,0,0,nowon_petStatus.csv,2024.0,1.0,35.0,1.04,172.0,2024-07-22,0.0,0.0,0.0,0.0,0,0.0,0.0,0.0,0,0.0,0.0,0.0,0.0,0.0,0,0.0,0.0,0.0,0.0,0.0,0.0,0.0,0.0,0.0,0.0,0,0.0,0.0,0.0,0.0,0.0,0.0,0,0.0
하계동,0,0,nowon_petStatus.csv,2024.0,1.0,18.0,1.06,66.0,2024-07-22,0.0,0.0,0.0,0.0,0,0.0,0.0,0.0,0,0.0,0.0,0.0,0.0,0.0,0,0.0,0.0,0.0,0.0,0.0,0.0,0.0,0.0,0.0,0.0,0,0.0,0.0,0.0,0.0,0.0,0.0,0,0.0
가양동,0,0,gangseo_petStatus.csv,0.0,0.0,0.0,0.0,0.0,2021-02-22,1707.0,2165.0,8.0,9.0,0,0.0,0.0,0.0,0,0.0,0.0,0.0,0.0,0.0,0,0.0,0.0,0.0,0.0,0.0,0.0,0.0,0.0,0.0,0.0,0,0.0,0.0,0.0,0.0,0.0,0.0,0,0.0
개화동,0,0,gangseo_petStatus.csv,0.0,0.0,0.0,0.0,0.0,2021-02-22,109.0,159.0,0.0,0.0,0,0.0,0.0,0.0,0,0.0,0.0,0.0,0.0,0.0,0,0.0,0.0,0.0,0.0,0.0,0.0,0.0,0.0,0.0,0.0,0,0.0,0.0,0.0,0.0,0.0,0.0,0,0.0
공항동,0,0,gangseo_petStatus.csv,0.0,0.0,0.0,0.0,0.0,2021-02-22,776.0,1056.0,0.0,0.0,0,0.0,0.0,0.0,0,0.0,0.0,0.0,0.0,0.0,0,0.0,0.0,0.0,0.0,0.0,0.0,0.0,0.0,0.0,0.0,0,0.0,0.0,0.0,0.0,0.0,0.0,0,0.0
등촌동,0,0,gangseo_petStatus.csv,0.0,0.0,0.0,0.0,0.0,2021-02-22,2651.0,3345.0,15.0,18.0,0,0.0,0.0,0.0,0,0.0,0.0,0.0,0.0,0.0,0,0.0,0.0,0.0,0.0,0.0,0.0,0.0,0.0,0.0,0.0,0,0.0,0.0,0.0,0.0,0.0,0.0,0,0.0
마곡동,0,0,gangseo_petStatus.csv,0.0,0.0,0.0,0.0,0.0,2021-02-22,1162.0,1393.0,3.0,4.0,0,0.0,0.0,0.0,0,0.0,0.0,0.0,0.0,0.0,0,0.0,0.0,0.0,0.0,0.0,0.0,0.0,0.0,0.0,0.0,0,0.0,0.0,0.0,0.0,0.0,0.0,0,0.0
방화동,0,0,gangseo_petStatus.csv,0.0,0.0,0.0,0.0,0.0,2021-02-22,2709.0,3537.0,9.0,12.0,0,0.0,0.0,0.0,0,0.0,0.0,0.0,0.0,0.0,0,0.0,0.0,0.0,0.0,0.0,0.0,0.0,0.0,0.0,0.0,0,0.0,0.0,0.0,0.0,0.0,0.0,0,0.0
염창동,0,0,gangseo_petStatus.csv,0.0,0.0,0.0,0.0,0.0,2021-02-22,1430.0,1750.0,4.0,10.0,0,0.0,0.0,0.0,0,0.0,0.0,0.0,0.0,0.0,0,0.0,0.0,0.0,0.0,0.0,0.0,0.0,0.0,0.0,0.0,0,0.0,0.0,0.0,0.0,0.0,0.0,0,0.0
오쇠동,0,0,gangseo_petStatus.csv,0.0,0.0,0.0,0.0,0.0,2021-02-22,1.0,3.0,0.0,0.0,0,0.0,0.0,0.0,0,0.0,0.0,0.0,0.0,0.0,0,0.0,0.0,0.0,0.0,0.0,0.0,0.0,0.0,0.0,0.0,0,0.0,0.0,0.0,0.0,0.0,0.0,0,0.0
화곡동,0,0,gangseo_petStatus.csv,0.0,0.0,0.0,0.0,0.0,2021-02-22,9520.0,12512.0,47.0,55.0,0,0.0,0.0,0.0,0,0.0,0.0,0.0,0.0,0.0,0,0.0,0.0,0.0,0.0,0.0,0.0,0.0,0.0,0.0,0.0,0,0.0,0.0,0.0,0.0,0.0,0.0,0,0.0
내발산동,0,0,gangseo_petStatus.csv,0.0,0.0,0.0,0.0,0.0,2021-02-22,1641.0,1968.0,5.0,5.0,0,0.0,0.0,0.0,0,0.0,0.0,0.0,0.0,0.0,0,0.0,0.0,0.0,0.0,0.0,0.0,0.0,0.0,0.0,0.0,0,0.0,0.0,0.0,0.0,0.0,0.0,0,0.0
외발산동,0,0,gangseo_petStatus.csv,0.0,0.0,0.0,0.0,0.0,2021-02-22,44.0,54.0,0.0,0.0,0,0.0,0.0,0.0,0,0.0,0.0,0.0,0.0,0.0,0,0.0,0.0,0.0,0.0,0.0,0.0,0.0,0.0,0.0,0.0,0,0.0,0.0,0.0,0.0,0.0,0.0,0,0.0
0,2021-12-31,0,seodemoon_petStatus.csv,0.0,0.0,0.0,0.0,0.0,0,0.0,0.0,0.0,0.0,0,0.0,0.0,0.0,0,0.0,0.0,0.0,0.0,0.0,0,0.0,0.0,0.0,0.0,0.0,0.0,0.0,0.0,0.0,0.0,0,0.0,0.0,0.0,0.0,0.0,0.0,0,0.0
0,2021-12-31,0,seodemoon_petStatus.csv,0.0,0.0,0.0,0.0,0.0,0,0.0,0.0,0.0,0.0,0,0.0,0.0,0.0,0,0.0,0.0,0.0,0.0,0.0,0,0.0,0.0,0.0,0.0,0.0,0.0,0.0,0.0,0.0,0.0,0,0.0,0.0,0.0,0.0,0.0,0.0,0,0.0
0,2021-12-31,0,seodemoon_petStatus.csv,0.0,0.0,0.0,0.0,0.0,0,0.0,0.0,0.0,0.0,0,0.0,0.0,0.0,0,0.0,0.0,0.0,0.0,0.0,0,0.0,0.0,0.0,0.0,0.0,0.0,0.0,0.0,0.0,0.0,0,0.0,0.0,0.0,0.0,0.0,0.0,0,0.0
계동,0,0,jongno_petStatus.csv,0.0,0.0,0.0,0.0,0.0,0,0.0,0.0,0.0,0.0,종로구,71.0,1.27,88.0,2024-07-29,0.0,0.0,0.0,0.0,0.0,0,0.0,0.0,0.0,0.0,0.0,0.0,0.0,0.0,0.0,0.0,0,0.0,0.0,0.0,0.0,0.0,0.0,0,0.0
재동,0,0,jongno_petStatus.csv,0.0,0.0,0.0,0.0,0.0,0,0.0,0.0,0.0,0.0,종로구,6.0,1.17,6.0,2024-07-29,0.0,0.0,0.0,0.0,0.0,0,0.0,0.0,0.0,0.0,0.0,0.0,0.0,0.0,0.0,0.0,0,0.0,0.0,0.0,0.0,0.0,0.0,0,0.0
평동,0,0,jongno_petStatus.csv,0.0,0.0,0.0,0.0,0.0,0,0.0,0.0,0.0,0.0,종로구,44.0,1.27,51.0,2024-07-29,0.0,0.0,0.0,0.0,0.0,0,0.0,0.0,0.0,0.0,0.0,0.0,0.0,0.0,0.0,0.0,0,0.0,0.0,0.0,0.0,0.0,0.0,0,0.0
화동,0,0,jongno_petStatus.csv,0.0,0.0,0.0,0.0,0.0,0,0.0,0.0,0.0,0.0,종로구,10.0,1.0,10.0,2024-07-29,0.0,0.0,0.0,0.0,0.0,0,0.0,0.0,0.0,0.0,0.0,0.0,0.0,0.0,0.0,0.0,0,0.0,0.0,0.0,0.0,0.0,0.0,0,0.0
가회동,0,0,jongno_petStatus.csv,0.0,0.0,0.0,0.0,0.0,0,0.0,0.0,0.0,0.0,종로구,71.0,1.55,107.0,2024-07-29,0.0,0.0,0.0,0.0,0.0,0,0.0,0.0,0.0,0.0,0.0,0.0,0.0,0.0,0.0,0.0,0,0.0,0.0,0.0,0.0,0.0,0.0,0,0.0
견지동,0,0,jongno_petStatus.csv,0.0,0.0,0.0,0.0,0.0,0,0.0,0.0,0.0,0.0,종로구,13.0,1.38,18.0,2024-07-29,0.0,0.0,0.0,0.0,0.0,0,0.0,0.0,0.0,0.0,0.0,0.0,0.0,0.0,0.0,0.0,0,0.0,0.0,0.0,0.0,0.0,0.0,0,0.0
경운동,0,0,jongno_petStatus.csv,0.0,0.0,0.0,0.0,0.0,0,0.0,0.0,0.0,0.0,종로구,13.0,1.23,16.0,2024-07-29,0.0,0.0,0.0,0.0,0.0,0,0.0,0.0,0.0,0.0,0.0,0.0,0.0,0.0,0.0,0.0,0,0.0,0.0,0.0,0.0,0.0,0.0,0,0.0
공평동,0,0,jongno_petStatus.csv,0.0,0.0,0.0,0.0,0.0,0,0.0,0.0,0.0,0.0,종로구,1.0,2.0,2.0,2024-07-29,0.0,0.0,0.0,0.0,0.0,0,0.0,0.0,0.0,0.0,0.0,0.0,0.0,0.0,0.0,0.0,0,0.0,0.0,0.0,0.0,0.0,0.0,0,0.0
관수동,0,0,jongno_petStatus.csv,0.0,0.0,0.0,0.0,0.0,0,0.0,0.0,0.0,0.0,종로구,1.0,1.0,1.0,2024-07-29,0.0,0.0,0.0,0.0,0.0,0,0.0,0.0,0.0,0.0,0.0,0.0,0.0,0.0,0.0,0.0,0,0.0,0.0,0.0,0.0,0.0,0.0,0,0.0
관철동,0,0,jongno_petStatus.csv,0.0,0.0,0.0,0.0,0.0,0,0.0,0.0,0.0,0.0,종로구,6.0,1.33,8.0,2024-07-29,0.0,0.0,0.0,0.0,0.0,0,0.0,0.0,0.0,0.0,0.0,0.0,0.0,0.0,0.0,0.0,0,0.0,0.0,0.0,0.0,0.0,0.0,0,0.0
관훈동,0,0,jongno_petStatus.csv,0.0,0.0,0.0,0.0,0.0,0,0.0,0.0,0.0,0.0,종로구,3.0,1.0,3.0,2024-07-29,0.0,0.0,0.0,0.0,0.0,0,0.0,0.0,0.0,0.0,0.0,0.0,0.0,0.0,0.0,0.0,0,0.0,0.0,0.0,0.0,0.0,0.0,0,0.0
교남동,0,0,jongno_petStatus.csv,0.0,0.0,0.0,0.0,0.0,0,0.0,0.0,0.0,0.0,종로구,2.0,1.0,2.0,2024-07-29,0.0,0.0,0.0,0.0,0.0,0,0.0,0.0,0.0,0.0,0.0,0.0,0.0,0.0,0.0,0.0,0,0.0,0.0,0.0,0.0,0.0,0.0,0,0.0
교북동,0,0,jongno_petStatus.csv,0.0,0.0,0.0,0.0,0.0,0,0.0,0.0,0.0,0.0,종로구,38.0,1.21,44.0,2024-07-29,0.0,0.0,0.0,0.0,0.0,0,0.0,0.0,0.0,0.0,0.0,0.0,0.0,0.0,0.0,0.0,0,0.0,0.0,0.0,0.0,0.0,0.0,0,0.0
구기동,0,0,jongno_petStatus.csv,0.0,0.0,0.0,0.0,0.0,0,0.0,0.0,0.0,0.0,종로구,438.0,1.42,608.0,2024-07-29,0.0,0.0,0.0,0.0,0.0,0,0.0,0.0,0.0,0.0,0.0,0.0,0.0,0.0,0.0,0.0,0,0.0,0.0,0.0,0.0,0.0,0.0,0,0.0
궁정동,0,0,jongno_petStatus.csv,0.0,0.0,0.0,0.0,0.0,0,0.0,0.0,0.0,0.0,종로구,9.0,1.22,11.0,2024-07-29,0.0,0.0,0.0,0.0,0.0,0,0.0,0.0,0.0,0.0,0.0,0.0,0.0,0.0,0.0,0.0,0,0.0,0.0,0.0,0.0,0.0,0.0,0,0.0
권농동,0,0,jongno_petStatus.csv,0.0,0.0,0.0,0.0,0.0,0,0.0,0.0,0.0,0.0,종로구,16.0,1.56,25.0,2024-07-29,0.0,0.0,0.0,0.0,0.0,0,0.0,0.0,0.0,0.0,0.0,0.0,0.0,0.0,0.0,0.0,0,0.0,0.0,0.0,0.0,0.0,0.0,0,0.0
낙원동,0,0,jongno_petStatus.csv,0.0,0.0,0.0,0.0,0.0,0,0.0,0.0,0.0,0.0,종로구,26.0,1.35,33.0,2024-07-29,0.0,0.0,0.0,0.0,0.0,0,0.0,0.0,0.0,0.0,0.0,0.0,0.0,0.0,0.0,0.0,0,0.0,0.0,0.0,0.0,0.0,0.0,0,0.0
내수동,0,0,jongno_petStatus.csv,0.0,0.0,0.0,0.0,0.0,0,0.0,0.0,0.0,0.0,종로구,155.0,1.42,217.0,2024-07-29,0.0,0.0,0.0,0.0,0.0,0,0.0,0.0,0.0,0.0,0.0,0.0,0.0,0.0,0.0,0.0,0,0.0,0.0,0.0,0.0,0.0,0.0,0,0.0
내자동,0,0,jongno_petStatus.csv,0.0,0.0,0.0,0.0,0.0,0,0.0,0.0,0.0,0.0,종로구,11.0,1.27,14.0,2024-07-29,0.0,0.0,0.0,0.0,0.0,0,0.0,0.0,0.0,0.0,0.0,0.0,0.0,0.0,0.0,0.0,0,0.0,0.0,0.0,0.0,0.0,0.0,0,0.0
누상동,0,0,jongno_petStatus.csv,0.0,0.0,0.0,0.0,0.0,0,0.0,0.0,0.0,0.0,종로구,188.0,1.29,235.0,2024-07-29,0.0,0.0,0.0,0.0,0.0,0,0.0,0.0,0.0,0.0,0.0,0.0,0.0,0.0,0.0,0.0,0,0.0,0.0,0.0,0.0,0.0,0.0,0,0.0
누하동,0,0,jongno_petStatus.csv,0.0,0.0,0.0,0.0,0.0,0,0.0,0.0,0.0,0.0,종로구,58.0,1.29,72.0,2024-07-29,0.0,0.0,0.0,0.0,0.0,0,0.0,0.0,0.0,0.0,0.0,0.0,0.0,0.0,0.0,0.0,0,0.0,0.0,0.0,0.0,0.0,0.0,0,0.0
당주동,0,0,jongno_petStatus.csv,0.0,0.0,0.0,0.0,0.0,0,0.0,0.0,0.0,0.0,종로구,15.0,1.53,22.0,2024-07-29,0.0,0.0,0.0,0.0,0.0,0,0.0,0.0,0.0,0.0,0.0,0.0,0.0,0.0,0.0,0.0,0,0.0,0.0,0.0,0.0,0.0,0.0,0,0.0
도렴동,0,0,jongno_petStatus.csv,0.0,0.0,0.0,0.0,0.0,0,0.0,0.0,0.0,0.0,종로구,2.0,1.0,2.0,2024-07-29,0.0,0.0,0.0,0.0,0.0,0,0.0,0.0,0.0,0.0,0.0,0.0,0.0,0.0,0.0,0.0,0,0.0,0.0,0.0,0.0,0.0,0.0,0,0.0
돈의동,0,0,jongno_petStatus.csv,0.0,0.0,0.0,0.0,0.0,0,0.0,0.0,0.0,0.0,종로구,21.0,1.62,33.0,2024-07-29,0.0,0.0,0.0,0.0,0.0,0,0.0,0.0,0.0,0.0,0.0,0.0,0.0,0.0,0.0,0.0,0,0.0,0.0,0.0,0.0,0.0,0.0,0,0.0
동숭동,0,0,jongno_petStatus.csv,0.0,0.0,0.0,0.0,0.0,0,0.0,0.0,0.0,0.0,종로구,255.0,1.29,323.0,2024-07-29,0.0,0.0,0.0,0.0,0.0,0,0.0,0.0,0.0,0.0,0.0,0.0,0.0,0.0,0.0,0.0,0,0.0,0.0,0.0,0.0,0.0,0.0,0,0.0
무악동,0,0,jongno_petStatus.csv,0.0,0.0,0.0,0.0,0.0,0,0.0,0.0,0.0,0.0,종로구,397.0,1.27,498.0,2024-07-29,0.0,0.0,0.0,0.0,0.0,0,0.0,0.0,0.0,0.0,0.0,0.0,0.0,0.0,0.0,0.0,0,0.0,0.0,0.0,0.0,0.0,0.0,0,0.0
봉익동,0,0,jongno_petStatus.csv,0.0,0.0,0.0,0.0,0.0,0,0.0,0.0,0.0,0.0,종로구,2.0,1.0,2.0,2024-07-29,0.0,0.0,0.0,0.0,0.0,0,0.0,0.0,0.0,0.0,0.0,0.0,0.0,0.0,0.0,0.0,0,0.0,0.0,0.0,0.0,0.0,0.0,0,0.0
부암동,0,0,jongno_petStatus.csv,0.0,0.0,0.0,0.0,0.0,0,0.0,0.0,0.0,0.0,종로구,385.0,1.45,545.0,2024-07-29,0.0,0.0,0.0,0.0,0.0,0,0.0,0.0,0.0,0.0,0.0,0.0,0.0,0.0,0.0,0.0,0,0.0,0.0,0.0,0.0,0.0,0.0,0,0.0
사간동,0,0,jongno_petStatus.csv,0.0,0.0,0.0,0.0,0.0,0,0.0,0.0,0.0,0.0,종로구,15.0,1.33,20.0,2024-07-29,0.0,0.0,0.0,0.0,0.0,0,0.0,0.0,0.0,0.0,0.0,0.0,0.0,0.0,0.0,0.0,0,0.0,0.0,0.0,0.0,0.0,0.0,0,0.0
사직동,0,0,jongno_petStatus.csv,0.0,0.0,0.0,0.0,0.0,0,0.0,0.0,0.0,0.0,종로구,211.0,1.32,275.0,2024-07-29,0.0,0.0,0.0,0.0,0.0,0,0.0,0.0,0.0,0.0,0.0,0.0,0.0,0.0,0.0,0.0,0,0.0,0.0,0.0,0.0,0.0,0.0,0,0.0
삼청동,0,0,jongno_petStatus.csv,0.0,0.0,0.0,0.0,0.0,0,0.0,0.0,0.0,0.0,종로구,92.0,1.4,125.0,2024-07-29,0.0,0.0,0.0,0.0,0.0,0,0.0,0.0,0.0,0.0,0.0,0.0,0.0,0.0,0.0,0.0,0,0.0,0.0,0.0,0.0,0.0,0.0,0,0.0
서린동,0,0,jongno_petStatus.csv,0.0,0.0,0.0,0.0,0.0,0,0.0,0.0,0.0,0.0,종로구,17.0,1.35,19.0,2024-07-29,0.0,0.0,0.0,0.0,0.0,0,0.0,0.0,0.0,0.0,0.0,0.0,0.0,0.0,0.0,0.0,0,0.0,0.0,0.0,0.0,0.0,0.0,0,0.0
세종로,0,0,jongno_petStatus.csv,0.0,0.0,0.0,0.0,0.0,0,0.0,0.0,0.0,0.0,종로구,36.0,1.19,41.0,2024-07-29,0.0,0.0,0.0,0.0,0.0,0,0.0,0.0,0.0,0.0,0.0,0.0,0.0,0.0,0.0,0.0,0,0.0,0.0,0.0,0.0,0.0,0.0,0,0.0
소격동,0,0,jongno_petStatus.csv,0.0,0.0,0.0,0.0,0.0,0,0.0,0.0,0.0,0.0,종로구,13.0,1.38,18.0,2024-07-29,0.0,0.0,0.0,0.0,0.0,0,0.0,0.0,0.0,0.0,0.0,0.0,0.0,0.0,0.0,0.0,0,0.0,0.0,0.0,0.0,0.0,0.0,0,0.0
송월동,0,0,jongno_petStatus.csv,0.0,0.0,0.0,0.0,0.0,0,0.0,0.0,0.0,0.0,종로구,3.0,1.33,4.0,2024-07-29,0.0,0.0,0.0,0.0,0.0,0,0.0,0.0,0.0,0.0,0.0,0.0,0.0,0.0,0.0,0.0,0,0.0,0.0,0.0,0.0,0.0,0.0,0,0.0
수송동,0,0,jongno_petStatus.csv,0.0,0.0,0.0,0.0,0.0,0,0.0,0.0,0.0,0.0,종로구,25.0,1.44,35.0,2024-07-29,0.0,0.0,0.0,0.0,0.0,0,0.0,0.0,0.0,0.0,0.0,0.0,0.0,0.0,0.0,0.0,0,0.0,0.0,0.0,0.0,0.0,0.0,0,0.0
숭인동,0,0,jongno_petStatus.csv,0.0,0.0,0.0,0.0,0.0,0,0.0,0.0,0.0,0.0,종로구,816.0,1.33,1062.0,2024-07-29,0.0,0.0,0.0,0.0,0.0,0,0.0,0.0,0.0,0.0,0.0,0.0,0.0,0.0,0.0,0.0,0,0.0,0.0,0.0,0.0,0.0,0.0,0,0.0
신교동,0,0,jongno_petStatus.csv,0.0,0.0,0.0,0.0,0.0,0,0.0,0.0,0.0,0.0,종로구,82.0,1.23,98.0,2024-07-29,0.0,0.0,0.0,0.0,0.0,0,0.0,0.0,0.0,0.0,0.0,0.0,0.0,0.0,0.0,0.0,0,0.0,0.0,0.0,0.0,0.0,0.0,0,0.0
신영동,0,0,jongno_petStatus.csv,0.0,0.0,0.0,0.0,0.0,0,0.0,0.0,0.0,0.0,종로구,259.0,1.32,324.0,2024-07-29,0.0,0.0,0.0,0.0,0.0,0,0.0,0.0,0.0,0.0,0.0,0.0,0.0,0.0,0.0,0.0,0,0.0,0.0,0.0,0.0,0.0,0.0,0,0.0
안국동,0,0,jongno_petStatus.csv,0.0,0.0,0.0,0.0,0.0,0,0.0,0.0,0.0,0.0,종로구,13.0,1.23,16.0,2024-07-29,0.0,0.0,0.0,0.0,0.0,0,0.0,0.0,0.0,0.0,0.0,0.0,0.0,0.0,0.0,0.0,0,0.0,0.0,0.0,0.0,0.0,0.0,0,0.0
연건동,0,0,jongno_petStatus.csv,0.0,0.0,0.0,0.0,0.0,0,0.0,0.0,0.0,0.0,종로구,57.0,1.25,70.0,2024-07-29,0.0,0.0,0.0,0.0,0.0,0,0.0,0.0,0.0,0.0,0.0,0.0,0.0,0.0,0.0,0.0,0,0.0,0.0,0.0,0.0,0.0,0.0,0,0.0
연지동,0,0,jongno_petStatus.csv,0.0,0.0,0.0,0.0,0.0,0,0.0,0.0,0.0,0.0,종로구,28.0,1.43,38.0,2024-07-29,0.0,0.0,0.0,0.0,0.0,0,0.0,0.0,0.0,0.0,0.0,0.0,0.0,0.0,0.0,0.0,0,0.0,0.0,0.0,0.0,0.0,0.0,0,0.0
예지동,0,0,jongno_petStatus.csv,0.0,0.0,0.0,0.0,0.0,0,0.0,0.0,0.0,0.0,종로구,1.0,1.0,1.0,2024-07-29,0.0,0.0,0.0,0.0,0.0,0,0.0,0.0,0.0,0.0,0.0,0.0,0.0,0.0,0.0,0.0,0,0.0,0.0,0.0,0.0,0.0,0.0,0,0.0
옥인동,0,0,jongno_petStatus.csv,0.0,0.0,0.0,0.0,0.0,0,0.0,0.0,0.0,0.0,종로구,137.0,1.26,167.0,2024-07-29,0.0,0.0,0.0,0.0,0.0,0,0.0,0.0,0.0,0.0,0.0,0.0,0.0,0.0,0.0,0.0,0,0.0,0.0,0.0,0.0,0.0,0.0,0,0.0
와룡동,0,0,jongno_petStatus.csv,0.0,0.0,0.0,0.0,0.0,0,0.0,0.0,0.0,0.0,종로구,5.0,1.8,8.0,2024-07-29,0.0,0.0,0.0,0.0,0.0,0,0.0,0.0,0.0,0.0,0.0,0.0,0.0,0.0,0.0,0.0,0,0.0,0.0,0.0,0.0,0.0,0.0,0,0.0
운니동,0,0,jongno_petStatus.csv,0.0,0.0,0.0,0.0,0.0,0,0.0,0.0,0.0,0.0,종로구,7.0,1.29,9.0,2024-07-29,0.0,0.0,0.0,0.0,0.0,0,0.0,0.0,0.0,0.0,0.0,0.0,0.0,0.0,0.0,0.0,0,0.0,0.0,0.0,0.0,0.0,0.0,0,0.0
원남동,0,0,jongno_petStatus.csv,0.0,0.0,0.0,0.0,0.0,0,0.0,0.0,0.0,0.0,종로구,24.0,1.58,33.0,2024-07-29,0.0,0.0,0.0,0.0,0.0,0,0.0,0.0,0.0,0.0,0.0,0.0,0.0,0.0,0.0,0.0,0,0.0,0.0,0.0,0.0,0.0,0.0,0,0.0
원서동,0,0,jongno_petStatus.csv,0.0,0.0,0.0,0.0,0.0,0,0.0,0.0,0.0,0.0,종로구,105.0,1.27,127.0,2024-07-29,0.0,0.0,0.0,0.0,0.0,0,0.0,0.0,0.0,0.0,0.0,0.0,0.0,0.0,0.0,0.0,0,0.0,0.0,0.0,0.0,0.0,0.0,0,0.0
이화동,0,0,jongno_petStatus.csv,0.0,0.0,0.0,0.0,0.0,0,0.0,0.0,0.0,0.0,종로구,92.0,1.41,130.0,2024-07-29,0.0,0.0,0.0,0.0,0.0,0,0.0,0.0,0.0,0.0,0.0,0.0,0.0,0.0,0.0,0.0,0,0.0,0.0,0.0,0.0,0.0,0.0,0,0.0
익선동,0,0,jongno_petStatus.csv,0.0,0.0,0.0,0.0,0.0,0,0.0,0.0,0.0,0.0,종로구,39.0,1.31,51.0,2024-07-29,0.0,0.0,0.0,0.0,0.0,0,0.0,0.0,0.0,0.0,0.0,0.0,0.0,0.0,0.0,0.0,0,0.0,0.0,0.0,0.0,0.0,0.0,0,0.0
인사동,0,0,jongno_petStatus.csv,0.0,0.0,0.0,0.0,0.0,0,0.0,0.0,0.0,0.0,종로구,5.0,1.6,8.0,2024-07-29,0.0,0.0,0.0,0.0,0.0,0,0.0,0.0,0.0,0.0,0.0,0.0,0.0,0.0,0.0,0.0,0,0.0,0.0,0.0,0.0,0.0,0.0,0,0.0
인의동,0,0,jongno_petStatus.csv,0.0,0.0,0.0,0.0,0.0,0,0.0,0.0,0.0,0.0,종로구,48.0,1.44,69.0,2024-07-29,0.0,0.0,0.0,0.0,0.0,0,0.0,0.0,0.0,0.0,0.0,0.0,0.0,0.0,0.0,0.0,0,0.0,0.0,0.0,0.0,0.0,0.0,0,0.0
장사동,0,0,jongno_petStatus.csv,0.0,0.0,0.0,0.0,0.0,0,0.0,0.0,0.0,0.0,종로구,2.0,1.5,3.0,2024-07-29,0.0,0.0,0.0,0.0,0.0,0,0.0,0.0,0.0,0.0,0.0,0.0,0.0,0.0,0.0,0.0,0,0.0,0.0,0.0,0.0,0.0,0.0,0,0.0
적선동,0,0,jongno_petStatus.csv,0.0,0.0,0.0,0.0,0.0,0,0.0,0.0,0.0,0.0,종로구,10.0,1.1,11.0,2024-07-29,0.0,0.0,0.0,0.0,0.0,0,0.0,0.0,0.0,0.0,0.0,0.0,0.0,0.0,0.0,0.0,0,0.0,0.0,0.0,0.0,0.0,0.0,0,0.0
창성동,0,0,jongno_petStatus.csv,0.0,0.0,0.0,0.0,0.0,0,0.0,0.0,0.0,0.0,종로구,21.0,1.67,34.0,2024-07-29,0.0,0.0,0.0,0.0,0.0,0,0.0,0.0,0.0,0.0,0.0,0.0,0.0,0.0,0.0,0.0,0,0.0,0.0,0.0,0.0,0.0,0.0,0,0.0
창신동,0,0,jongno_petStatus.csv,0.0,0.0,0.0,0.0,0.0,0,0.0,0.0,0.0,0.0,종로구,972.0,1.39,1316.0,2024-07-29,0.0,0.0,0.0,0.0,0.0,0,0.0,0.0,0.0,0.0,0.0,0.0,0.0,0.0,0.0,0.0,0,0.0,0.0,0.0,0.0,0.0,0.0,0,0.0
청운동,0,0,jongno_petStatus.csv,0.0,0.0,0.0,0.0,0.0,0,0.0,0.0,0.0,0.0,종로구,147.0,1.33,188.0,2024-07-29,0.0,0.0,0.0,0.0,0.0,0,0.0,0.0,0.0,0.0,0.0,0.0,0.0,0.0,0.0,0.0,0,0.0,0.0,0.0,0.0,0.0,0.0,0,0.0
청진동,0,0,jongno_petStatus.csv,0.0,0.0,0.0,0.0,0.0,0,0.0,0.0,0.0,0.0,종로구,2.0,1.0,2.0,2024-07-29,0.0,0.0,0.0,0.0,0.0,0,0.0,0.0,0.0,0.0,0.0,0.0,0.0,0.0,0.0,0.0,0,0.0,0.0,0.0,0.0,0.0,0.0,0,0.0
체부동,0,0,jongno_petStatus.csv,0.0,0.0,0.0,0.0,0.0,0,0.0,0.0,0.0,0.0,종로구,53.0,1.26,66.0,2024-07-29,0.0,0.0,0.0,0.0,0.0,0,0.0,0.0,0.0,0.0,0.0,0.0,0.0,0.0,0.0,0.0,0,0.0,0.0,0.0,0.0,0.0,0.0,0,0.0
충신동,0,0,jongno_petStatus.csv,0.0,0.0,0.0,0.0,0.0,0,0.0,0.0,0.0,0.0,종로구,131.0,1.38,176.0,2024-07-29,0.0,0.0,0.0,0.0,0.0,0,0.0,0.0,0.0,0.0,0.0,0.0,0.0,0.0,0.0,0.0,0,0.0,0.0,0.0,0.0,0.0,0.0,0,0.0
통의동,0,0,jongno_petStatus.csv,0.0,0.0,0.0,0.0,0.0,0,0.0,0.0,0.0,0.0,종로구,26.0,1.31,31.0,2024-07-29,0.0,0.0,0.0,0.0,0.0,0,0.0,0.0,0.0,0.0,0.0,0.0,0.0,0.0,0.0,0.0,0,0.0,0.0,0.0,0.0,0.0,0.0,0,0.0
통인동,0,0,jongno_petStatus.csv,0.0,0.0,0.0,0.0,0.0,0,0.0,0.0,0.0,0.0,종로구,49.0,1.47,72.0,2024-07-29,0.0,0.0,0.0,0.0,0.0,0,0.0,0.0,0.0,0.0,0.0,0.0,0.0,0.0,0.0,0.0,0,0.0,0.0,0.0,0.0,0.0,0.0,0,0.0
팔판동,0,0,jongno_petStatus.csv,0.0,0.0,0.0,0.0,0.0,0,0.0,0.0,0.0,0.0,종로구,27.0,1.22,33.0,2024-07-29,0.0,0.0,0.0,0.0,0.0,0,0.0,0.0,0.0,0.0,0.0,0.0,0.0,0.0,0.0,0.0,0,0.0,0.0,0.0,0.0,0.0,0.0,0,0.0
평창동,0,0,jongno_petStatus.csv,0.0,0.0,0.0,0.0,0.0,0,0.0,0.0,0.0,0.0,종로구,921.0,1.45,1273.0,2024-07-29,0.0,0.0,0.0,0.0,0.0,0,0.0,0.0,0.0,0.0,0.0,0.0,0.0,0.0,0.0,0.0,0,0.0,0.0,0.0,0.0,0.0,0.0,0,0.0
필운동,0,0,jongno_petStatus.csv,0.0,0.0,0.0,0.0,0.0,0,0.0,0.0,0.0,0.0,종로구,40.0,1.25,48.0,2024-07-29,0.0,0.0,0.0,0.0,0.0,0,0.0,0.0,0.0,0.0,0.0,0.0,0.0,0.0,0.0,0.0,0,0.0,0.0,0.0,0.0,0.0,0.0,0,0.0
행촌동,0,0,jongno_petStatus.csv,0.0,0.0,0.0,0.0,0.0,0,0.0,0.0,0.0,0.0,종로구,190.0,1.31,243.0,2024-07-29,0.0,0.0,0.0,0.0,0.0,0,0.0,0.0,0.0,0.0,0.0,0.0,0.0,0.0,0.0,0.0,0,0.0,0.0,0.0,0.0,0.0,0.0,0,0.0
혜화동,0,0,jongno_petStatus.csv,0.0,0.0,0.0,0.0,0.0,0,0.0,0.0,0.0,0.0,종로구,167.0,1.34,219.0,2024-07-29,0.0,0.0,0.0,0.0,0.0,0,0.0,0.0,0.0,0.0,0.0,0.0,0.0,0.0,0.0,0.0,0,0.0,0.0,0.0,0.0,0.0,0.0,0,0.0
홍지동,0,0,jongno_petStatus.csv,0.0,0.0,0.0,0.0,0.0,0,0.0,0.0,0.0,0.0,종로구,109.0,1.39,151.0,2024-07-29,0.0,0.0,0.0,0.0,0.0,0,0.0,0.0,0.0,0.0,0.0,0.0,0.0,0.0,0.0,0.0,0,0.0,0.0,0.0,0.0,0.0,0.0,0,0.0
홍파동,0,0,jongno_petStatus.csv,0.0,0.0,0.0,0.0,0.0,0,0.0,0.0,0.0,0.0,종로구,137.0,1.4,190.0,2024-07-29,0.0,0.0,0.0,0.0,0.0,0,0.0,0.0,0.0,0.0,0.0,0.0,0.0,0.0,0.0,0.0,0,0.0,0.0,0.0,0.0,0.0,0.0,0,0.0
효자동,0,0,jongno_petStatus.csv,0.0,0.0,0.0,0.0,0.0,0,0.0,0.0,0.0,0.0,종로구,42.0,1.29,52.0,2024-07-29,0.0,0.0,0.0,0.0,0.0,0,0.0,0.0,0.0,0.0,0.0,0.0,0.0,0.0,0.0,0.0,0,0.0,0.0,0.0,0.0,0.0,0.0,0,0.0
효제동,0,0,jongno_petStatus.csv,0.0,0.0,0.0,0.0,0.0,0,0.0,0.0,0.0,0.0,종로구,21.0,1.29,26.0,2024-07-29,0.0,0.0,0.0,0.0,0.0,0,0.0,0.0,0.0,0.0,0.0,0.0,0.0,0.0,0.0,0.0,0,0.0,0.0,0.0,0.0,0.0,0.0,0,0.0
명륜1가,0,0,jongno_petStatus.csv,0.0,0.0,0.0,0.0,0.0,0,0.0,0.0,0.0,0.0,종로구,200.0,1.25,239.0,2024-07-29,0.0,0.0,0.0,0.0,0.0,0,0.0,0.0,0.0,0.0,0.0,0.0,0.0,0.0,0.0,0.0,0,0.0,0.0,0.0,0.0,0.0,0.0,0,0.0
명륜2가,0,0,jongno_petStatus.csv,0.0,0.0,0.0,0.0,0.0,0,0.0,0.0,0.0,0.0,종로구,152.0,1.45,218.0,2024-07-29,0.0,0.0,0.0,0.0,0.0,0,0.0,0.0,0.0,0.0,0.0,0.0,0.0,0.0,0.0,0.0,0,0.0,0.0,0.0,0.0,0.0,0.0,0,0.0
명륜3가,0,0,jongno_petStatus.csv,0.0,0.0,0.0,0.0,0.0,0,0.0,0.0,0.0,0.0,종로구,240.0,1.3,308.0,2024-07-29,0.0,0.0,0.0,0.0,0.0,0,0.0,0.0,0.0,0.0,0.0,0.0,0.0,0.0,0.0,0.0,0,0.0,0.0,0.0,0.0,0.0,0.0,0,0.0
명륜4가,0,0,jongno_petStatus.csv,0.0,0.0,0.0,0.0,0.0,0,0.0,0.0,0.0,0.0,종로구,47.0,1.28,60.0,2024-07-29,0.0,0.0,0.0,0.0,0.0,0,0.0,0.0,0.0,0.0,0.0,0.0,0.0,0.0,0.0,0.0,0,0.0,0.0,0.0,0.0,0.0,0.0,0,0.0
종로1가,0,0,jongno_petStatus.csv,0.0,0.0,0.0,0.0,0.0,0,0.0,0.0,0.0,0.0,종로구,11.0,1.18,12.0,2024-07-29,0.0,0.0,0.0,0.0,0.0,0,0.0,0.0,0.0,0.0,0.0,0.0,0.0,0.0,0.0,0.0,0,0.0,0.0,0.0,0.0,0.0,0.0,0,0.0
종로3가,0,0,jongno_petStatus.csv,0.0,0.0,0.0,0.0,0.0,0,0.0,0.0,0.0,0.0,종로구,1.0,1.0,1.0,2024-07-29,0.0,0.0,0.0,0.0,0.0,0,0.0,0.0,0.0,0.0,0.0,0.0,0.0,0.0,0.0,0.0,0,0.0,0.0,0.0,0.0,0.0,0.0,0,0.0
종로4가,0,0,jongno_petStatus.csv,0.0,0.0,0.0,0.0,0.0,0,0.0,0.0,0.0,0.0,종로구,3.0,1.0,2.0,2024-07-29,0.0,0.0,0.0,0.0,0.0,0,0.0,0.0,0.0,0.0,0.0,0.0,0.0,0.0,0.0,0.0,0,0.0,0.0,0.0,0.0,0.0,0.0,0,0.0
종로5가,0,0,jongno_petStatus.csv,0.0,0.0,0.0,0.0,0.0,0,0.0,0.0,0.0,0.0,종로구,8.0,1.38,11.0,2024-07-29,0.0,0.0,0.0,0.0,0.0,0,0.0,0.0,0.0,0.0,0.0,0.0,0.0,0.0,0.0,0.0,0,0.0,0.0,0.0,0.0,0.0,0.0,0,0.0
종로6가,0,0,jongno_petStatus.csv,0.0,0.0,0.0,0.0,0.0,0,0.0,0.0,0.0,0.0,종로구,31.0,1.42,43.0,2024-07-29,0.0,0.0,0.0,0.0,0.0,0,0.0,0.0,0.0,0.0,0.0,0.0,0.0,0.0,0.0,0.0,0,0.0,0.0,0.0,0.0,0.0,0.0,0,0.0
신문로1가,0,0,jongno_petStatus.csv,0.0,0.0,0.0,0.0,0.0,0,0.0,0.0,0.0,0.0,종로구,6.0,1.17,7.0,2024-07-29,0.0,0.0,0.0,0.0,0.0,0,0.0,0.0,0.0,0.0,0.0,0.0,0.0,0.0,0.0,0.0,0,0.0,0.0,0.0,0.0,0.0,0.0,0,0.0
신문로2가,0,0,jongno_petStatus.csv,0.0,0.0,0.0,0.0,0.0,0,0.0,0.0,0.0,0.0,종로구,44.0,1.48,65.0,2024-07-29,0.0,0.0,0.0,0.0,0.0,0,0.0,0.0,0.0,0.0,0.0,0.0,0.0,0.0,0.0,0.0,0,0.0,0.0,0.0,0.0,0.0,0.0,0,0.0
0,0,0,jongno_petStatus.csv,0.0,0.0,0.0,0.0,0.0,0,0.0,0.0,0.0,0.0,0,0.0,0.0,0.0,0,0.0,0.0,0.0,0.0,0.0,0,0.0,0.0,0.0,0.0,0.0,0.0,0.0,0.0,0.0,0.0,0,0.0,0.0,0.0,0.0,0.0,0.0,0,0.0
남현동,0,0,Gwanak_petStatus.csv,0.0,0.0,0.0,0.0,0.0,0,0.0,0.0,0.0,0.0,0,680.0,1.28,1.0,0,375.0,0.0,0.0,0.0,0.0,0,0.0,0.0,0.0,0.0,0.0,0.0,0.0,0.0,0.0,0.0,0,0.0,0.0,0.0,0.0,0.0,0.0,0,0.0
봉천동,0,0,Gwanak_petStatus.csv,0.0,0.0,0.0,0.0,0.0,0,0.0,0.0,0.0,0.0,0,7477.0,1.28,12.0,0,3666.0,0.0,0.0,0.0,0.0,0,0.0,0.0,0.0,0.0,0.0,0.0,0.0,0.0,0.0,0.0,0,0.0,0.0,0.0,0.0,0.0,0.0,0,0.0
신림동,0,0,Gwanak_petStatus.csv,0.0,0.0,0.0,0.0,0.0,0,0.0,0.0,0.0,0.0,0,10512.0,1.38,14.0,0,4912.0,0.0,0.0,0.0,0.0,0,0.0,0.0,0.0,0.0,0.0,0.0,0.0,0.0,0.0,0.0,0,0.0,0.0,0.0,0.0,0.0,0.0,0,0.0
궁동,2024-04-17,0,guro_petStatus.csv,0.0,0.0,0.0,1.36,0.0,0,0.0,0.0,0.0,0.0,0,0.0,0.0,0.0,0,0.0,447.0,324.0,46.0,0.0,0,0.0,0.0,0.0,0.0,0.0,0.0,0.0,0.0,0.0,0.0,0,0.0,0.0,0.0,0.0,0.0,0.0,0,0.0
항동,2024-04-17,0,guro_petStatus.csv,0.0,0.0,0.0,1.27,0.0,0,0.0,0.0,0.0,0.0,0,0.0,0.0,0.0,0,0.0,296.0,235.0,48.0,0.0,0,0.0,0.0,0.0,0.0,0.0,0.0,0.0,0.0,0.0,0.0,0,0.0,0.0,0.0,0.0,0.0,0.0,0,0.0
개봉동,2024-04-17,0,guro_petStatus.csv,0.0,0.0,0.0,1.3,0.0,0,0.0,0.0,0.0,0.0,0,0.0,0.0,0.0,0,0.0,2656.0,2018.0,332.0,0.0,0,0.0,0.0,0.0,0.0,0.0,0.0,0.0,0.0,0.0,0.0,0,0.0,0.0,0.0,0.0,0.0,0.0,0,0.0
고척동,2024-04-17,0,guro_petStatus.csv,0.0,0.0,0.0,1.3,0.0,0,0.0,0.0,0.0,0.0,0,0.0,0.0,0.0,0,0.0,1654.0,1226.0,167.0,0.0,0,0.0,0.0,0.0,0.0,0.0,0.0,0.0,0.0,0.0,0.0,0,0.0,0.0,0.0,0.0,0.0,0.0,0,0.0
구로동,2024-04-17,0,guro_petStatus.csv,0.0,0.0,0.0,1.3,0.0,0,0.0,0.0,0.0,0.0,0,0.0,0.0,0.0,0,0.0,3152.0,2850.0,724.0,0.0,0,0.0,0.0,0.0,0.0,0.0,0.0,0.0,0.0,0.0,0.0,0,0.0,0.0,0.0,0.0,0.0,0.0,0,0.0
오류동,2024-04-17,0,guro_petStatus.csv,0.0,0.0,0.0,1.3,0.0,0,0.0,0.0,0.0,0.0,0,0.0,0.0,0.0,0,0.0,1396.0,977.0,163.0,0.0,0,0.0,0.0,0.0,0.0,0.0,0.0,0.0,0.0,0.0,0.0,0,0.0,0.0,0.0,0.0,0.0,0.0,0,0.0
온수동,2024-04-17,0,guro_petStatus.csv,0.0,0.0,0.0,1.25,0.0,0,0.0,0.0,0.0,0.0,0,0.0,0.0,0.0,0,0.0,237.0,199.0,32.0,0.0,0,0.0,0.0,0.0,0.0,0.0,0.0,0.0,0.0,0.0,0.0,0,0.0,0.0,0.0,0.0,0.0,0.0,0,0.0
천왕동,2024-04-17,0,guro_petStatus.csv,0.0,0.0,0.0,1.25,0.0,0,0.0,0.0,0.0,0.0,0,0.0,0.0,0.0,0,0.0,382.0,331.0,44.0,0.0,0,0.0,0.0,0.0,0.0,0.0,0.0,0.0,0.0,0.0,0.0,0,0.0,0.0,0.0,0.0,0.0,0.0,0,0.0
가리봉동,2024-04-17,0,guro_petStatus.csv,0.0,0.0,0.0,1.51,0.0,0,0.0,0.0,0.0,0.0,0,0.0,0.0,0.0,0,0.0,348.0,249.0,58.0,0.0,0,0.0,0.0,0.0,0.0,0.0,0.0,0.0,0.0,0.0,0.0,0,0.0,0.0,0.0,0.0,0.0,0.0,0,0.0
신도림동,2024-04-17,0,guro_petStatus.csv,0.0,0.0,0.0,1.27,0.0,0,0.0,0.0,0.0,0.0,0,0.0,0.0,0.0,0,0.0,905.0,763.0,179.0,0.0,0,0.0,0.0,0.0,0.0,0.0,0.0,0.0,0.0,0.0,0.0,0,0.0,0.0,0.0,0.0,0.0,0.0,0,0.0
묵동,0,0,jungrang_petStatus.csv,0.0,138.0,0.0,1.28,3402.0,0,0.0,0.0,0.0,0.0,0,0.0,0.0,0.0,0,0.0,0.0,0.0,0.0,0.0,0,0.0,0.0,0.0,0.0,0.0,0.0,0.0,0.0,0.0,0.0,0,0.0,0.0,0.0,0.0,0.0,0.0,0,0.0
망우동,0,0,jungrang_petStatus.csv,0.0,116.0,0.0,1.34,3291.0,0,0.0,0.0,0.0,0.0,0,0.0,0.0,0.0,0,0.0,0.0,0.0,0.0,0.0,0,0.0,0.0,0.0,0.0,0.0,0.0,0.0,0.0,0.0,0.0,0,0.0,0.0,0.0,0.0,0.0,0.0,0,0.0
면목동,0,0,jungrang_petStatus.csv,0.0,242.0,0.0,1.33,10172.0,0,0.0,0.0,0.0,0.0,0,0.0,0.0,0.0,0,0.0,0.0,0.0,0.0,0.0,0,0.0,0.0,0.0,0.0,0.0,0.0,0.0,0.0,0.0,0.0,0,0.0,0.0,0.0,0.0,0.0,0.0,0,0.0
상봉동,0,0,jungrang_petStatus.csv,0.0,94.0,0.0,1.31,3100.0,0,0.0,0.0,0.0,0.0,0,0.0,0.0,0.0,0,0.0,0.0,0.0,0.0,0.0,0,0.0,0.0,0.0,0.0,0.0,0.0,0.0,0.0,0.0,0.0,0,0.0,0.0,0.0,0.0,0.0,0.0,0,0.0
신내동,0,0,jungrang_petStatus.csv,0.0,111.0,0.0,1.26,3485.0,0,0.0,0.0,0.0,0.0,0,0.0,0.0,0.0,0,0.0,0.0,0.0,0.0,0.0,0,0.0,0.0,0.0,0.0,0.0,0.0,0.0,0.0,0.0,0.0,0,0.0,0.0,0.0,0.0,0.0,0.0,0,0.0
중화동,0,0,jungrang_petStatus.csv,0.0,74.0,0.0,1.31,3208.0,0,0.0,0.0,0.0,0.0,0,0.0,0.0,0.0,0,0.0,0.0,0.0,0.0,0.0,0,0.0,0.0,0.0,0.0,0.0,0.0,0.0,0.0,0.0,0.0,0,0.0,0.0,0.0,0.0,0.0,0.0,0,0.0
능동,0,0,gwangjin_petStatus.csv,0.0,18.0,0.0,0.0,0.0,0,0.0,0.0,0.0,0.0,0,0.0,0.0,0.0,0,0.0,0.0,0.0,0.0,0.0,0,0.0,0.0,0.0,0.0,0.0,0.0,0.0,0.0,0.0,0.0,0,0.0,0.0,0.0,0.0,0.0,0.0,0,0.0
광장동,0,0,gwangjin_petStatus.csv,0.0,45.0,0.0,0.0,0.0,0,0.0,0.0,0.0,0.0,0,0.0,0.0,0.0,0,0.0,0.0,0.0,0.0,0.0,0,0.0,0.0,0.0,0.0,0.0,0.0,0.0,0.0,0.0,0.0,0,0.0,0.0,0.0,0.0,0.0,0.0,0,0.0
구의동,0,0,gwangjin_petStatus.csv,0.0,120.0,0.0,0.0,0.0,0,0.0,0.0,0.0,0.0,0,0.0,0.0,0.0,0,0.0,0.0,0.0,0.0,1.0,0,0.0,0.0,0.0,0.0,0.0,0.0,0.0,0.0,0.0,0.0,0,0.0,0.0,0.0,0.0,0.0,0.0,0,0.0
군자동,0,0,gwangjin_petStatus.csv,0.0,24.0,0.0,0.0,0.0,0,0.0,0.0,0.0,0.0,0,0.0,0.0,0.0,0,0.0,0.0,0.0,0.0,3.0,0,0.0,0.0,0.0,0.0,0.0,0.0,0.0,0.0,0.0,0.0,0,0.0,0.0,0.0,0.0,0.0,0.0,0,0.0
자양동,0,0,gwangjin_petStatus.csv,0.0,121.0,0.0,0.0,0.0,0,0.0,0.0,0.0,0.0,0,0.0,0.0,0.0,0,0.0,0.0,0.0,0.0,14.0,0,0.0,0.0,0.0,0.0,0.0,0.0,0.0,0.0,0.0,0.0,0,0.0,0.0,0.0,0.0,0.0,0.0,0,0.0
중곡동,0,0,gwangjin_petStatus.csv,0.0,99.0,0.0,0.0,0.0,0,0.0,0.0,0.0,0.0,0,0.0,0.0,0.0,0,0.0,0.0,0.0,0.0,5.0,0,0.0,0.0,0.0,0.0,0.0,0.0,0.0,0.0,0.0,0.0,0,0.0,0.0,0.0,0.0,0.0,0.0,0,0.0
화양동,0,0,gwangjin_petStatus.csv,0.0,24.0,0.0,0.0,0.0,0,0.0,0.0,0.0,0.0,0,0.0,0.0,0.0,0,0.0,0.0,0.0,0.0,5.0,0,0.0,0.0,0.0,0.0,0.0,0.0,0.0,0.0,0.0,0.0,0,0.0,0.0,0.0,0.0,0.0,0.0,0,0.0
다동,0,0,jung_petStatus.csv,0.0,0.0,0.0,1.45,0.0,0,0.0,0.0,0.0,0.0,0,0.0,0.0,0.0,0,0.0,0.0,0.0,0.0,0.0,0,0.0,0.0,0.0,0.0,0.0,0.0,0.0,0.0,0.0,0.0,0,0.0,0.0,0.0,0.0,0.0,0.0,0,0.0
정동,0,0,jung_petStatus.csv,0.0,0.0,0.0,1.16,0.0,0,0.0,0.0,0.0,0.0,0,0.0,0.0,0.0,0,0.0,0.0,0.0,0.0,0.0,0,0.0,0.0,0.0,0.0,0.0,0.0,0.0,0.0,0.0,0.0,0,0.0,0.0,0.0,0.0,0.0,0.0,0,0.0
초동,0,0,jung_petStatus.csv,0.0,0.0,0.0,1.25,0.0,0,0.0,0.0,0.0,0.0,0,0.0,0.0,0.0,0,0.0,0.0,0.0,0.0,0.0,0,0.0,0.0,0.0,0.0,0.0,0.0,0.0,0.0,0.0,0.0,0,0.0,0.0,0.0,0.0,0.0,0.0,0,0.0
남창동,0,0,jung_petStatus.csv,0.0,0.0,0.0,1.23,0.0,0,0.0,0.0,0.0,0.0,0,0.0,0.0,0.0,0,0.0,0.0,0.0,0.0,0.0,0,0.0,0.0,0.0,0.0,0.0,0.0,0.0,0.0,0.0,0.0,0,0.0,0.0,0.0,0.0,0.0,0.0,0,0.0
무교동,0,0,jung_petStatus.csv,0.0,0.0,0.0,2.0,0.0,0,0.0,0.0,0.0,0.0,0,0.0,0.0,0.0,0,0.0,0.0,0.0,0.0,0.0,0,0.0,0.0,0.0,0.0,0.0,0.0,0.0,0.0,0.0,0.0,0,0.0,0.0,0.0,0.0,0.0,0.0,0,0.0
무학동,0,0,jung_petStatus.csv,0.0,0.0,0.0,1.31,0.0,0,0.0,0.0,0.0,0.0,0,0.0,0.0,0.0,0,0.0,0.0,0.0,0.0,0.0,0,0.0,0.0,0.0,0.0,0.0,0.0,0.0,0.0,0.0,0.0,0,0.0,0.0,0.0,0.0,0.0,0.0,0,0.0
묵정동,0,0,jung_petStatus.csv,0.0,0.0,0.0,1.55,0.0,0,0.0,0.0,0.0,0.0,0,0.0,0.0,0.0,0,0.0,0.0,0.0,0.0,0.0,0,0.0,0.0,0.0,0.0,0.0,0.0,0.0,0.0,0.0,0.0,0,0.0,0.0,0.0,0.0,0.0,0.0,0,0.0
방산동,0,0,jung_petStatus.csv,0.0,0.0,0.0,1.5,0.0,0,0.0,0.0,0.0,0.0,0,0.0,0.0,0.0,0,0.0,0.0,0.0,0.0,0.0,0,0.0,0.0,0.0,0.0,0.0,0.0,0.0,0.0,0.0,0.0,0,0.0,0.0,0.0,0.0,0.0,0.0,0,0.0
북창동,0,0,jung_petStatus.csv,0.0,0.0,0.0,1.2,0.0,0,0.0,0.0,0.0,0.0,0,0.0,0.0,0.0,0,0.0,0.0,0.0,0.0,0.0,0,0.0,0.0,0.0,0.0,0.0,0.0,0.0,0.0,0.0,0.0,0,0.0,0.0,0.0,0.0,0.0,0.0,0,0.0
산림동,0,0,jung_petStatus.csv,0.0,0.0,0.0,1.45,0.0,0,0.0,0.0,0.0,0.0,0,0.0,0.0,0.0,0,0.0,0.0,0.0,0.0,0.0,0,0.0,0.0,0.0,0.0,0.0,0.0,0.0,0.0,0.0,0.0,0,0.0,0.0,0.0,0.0,0.0,0.0,0,0.0
소공동,0,0,jung_petStatus.csv,0.0,0.0,0.0,1.0,0.0,0,0.0,0.0,0.0,0.0,0,0.0,0.0,0.0,0,0.0,0.0,0.0,0.0,0.0,0,0.0,0.0,0.0,0.0,0.0,0.0,0.0,0.0,0.0,0.0,0,0.0,0.0,0.0,0.0,0.0,0.0,0,0.0
수하동,0,0,jung_petStatus.csv,0.0,0.0,0.0,1.0,0.0,0,0.0,0.0,0.0,0.0,0,0.0,0.0,0.0,0,0.0,0.0,0.0,0.0,0.0,0,0.0,0.0,0.0,0.0,0.0,0.0,0.0,0.0,0.0,0.0,0,0.0,0.0,0.0,0.0,0.0,0.0,0,0.0
순화동,0,0,jung_petStatus.csv,0.0,0.0,0.0,1.26,0.0,0,0.0,0.0,0.0,0.0,0,0.0,0.0,0.0,0,0.0,0.0,0.0,0.0,0.0,0,0.0,0.0,0.0,0.0,0.0,0.0,0.0,0.0,0.0,0.0,0,0.0,0.0,0.0,0.0,0.0,0.0,0,0.0
신당동,0,0,jung_petStatus.csv,0.0,0.0,0.0,1.31,0.0,0,0.0,0.0,0.0,0.0,0,0.0,0.0,0.0,0,0.0,0.0,0.0,0.0,0.0,0,0.0,0.0,0.0,0.0,0.0,0.0,0.0,0.0,0.0,0.0,0,0.0,0.0,0.0,0.0,0.0,0.0,0,0.0
쌍림동,0,0,jung_petStatus.csv,0.0,0.0,0.0,1.2,0.0,0,0.0,0.0,0.0,0.0,0,0.0,0.0,0.0,0,0.0,0.0,0.0,0.0,0.0,0,0.0,0.0,0.0,0.0,0.0,0.0,0.0,0.0,0.0,0.0,0,0.0,0.0,0.0,0.0,0.0,0.0,0,0.0
예관동,0,0,jung_petStatus.csv,0.0,0.0,0.0,1.25,0.0,0,0.0,0.0,0.0,0.0,0,0.0,0.0,0.0,0,0.0,0.0,0.0,0.0,0.0,0,0.0,0.0,0.0,0.0,0.0,0.0,0.0,0.0,0.0,0.0,0,0.0,0.0,0.0,0.0,0.0,0.0,0,0.0
예장동,0,0,jung_petStatus.csv,0.0,0.0,0.0,1.22,0.0,0,0.0,0.0,0.0,0.0,0,0.0,0.0,0.0,0,0.0,0.0,0.0,0.0,0.0,0,0.0,0.0,0.0,0.0,0.0,0.0,0.0,0.0,0.0,0.0,0,0.0,0.0,0.0,0.0,0.0,0.0,0,0.0
오장동,0,0,jung_petStatus.csv,0.0,0.0,0.0,1.53,0.0,0,0.0,0.0,0.0,0.0,0,0.0,0.0,0.0,0,0.0,0.0,0.0,0.0,0.0,0,0.0,0.0,0.0,0.0,0.0,0.0,0.0,0.0,0.0,0.0,0,0.0,0.0,0.0,0.0,0.0,0.0,0,0.0
입정동,0,0,jung_petStatus.csv,0.0,0.0,0.0,1.2,0.0,0,0.0,0.0,0.0,0.0,0,0.0,0.0,0.0,0,0.0,0.0,0.0,0.0,0.0,0,0.0,0.0,0.0,0.0,0.0,0.0,0.0,0.0,0.0,0.0,0,0.0,0.0,0.0,0.0,0.0,0.0,0,0.0
주교동,0,0,jung_petStatus.csv,0.0,0.0,0.0,1.0,0.0,0,0.0,0.0,0.0,0.0,0,0.0,0.0,0.0,0,0.0,0.0,0.0,0.0,0.0,0,0.0,0.0,0.0,0.0,0.0,0.0,0.0,0.0,0.0,0.0,0,0.0,0.0,0.0,0.0,0.0,0.0,0,0.0
주자동,0,0,jung_petStatus.csv,0.0,0.0,0.0,1.67,0.0,0,0.0,0.0,0.0,0.0,0,0.0,0.0,0.0,0,0.0,0.0,0.0,0.0,0.0,0,0.0,0.0,0.0,0.0,0.0,0.0,0.0,0.0,0.0,0.0,0,0.0,0.0,0.0,0.0,0.0,0.0,0,0.0
중림동,0,0,jung_petStatus.csv,0.0,0.0,0.0,1.18,0.0,0,0.0,0.0,0.0,0.0,0,0.0,0.0,0.0,0,0.0,0.0,0.0,0.0,0.0,0,0.0,0.0,0.0,0.0,0.0,0.0,0.0,0.0,0.0,0.0,0,0.0,0.0,0.0,0.0,0.0,0.0,0,0.0
황학동,0,0,jung_petStatus.csv,0.0,0.0,0.0,1.35,0.0,0,0.0,0.0,0.0,0.0,0,0.0,0.0,0.0,0,0.0,0.0,0.0,0.0,0.0,0,0.0,0.0,0.0,0.0,0.0,0.0,0.0,0.0,0.0,0.0,0,0.0,0.0,0.0,0.0,0.0,0.0,0,0.0
흥인동,0,0,jung_petStatus.csv,0.0,0.0,0.0,1.46,0.0,0,0.0,0.0,0.0,0.0,0,0.0,0.0,0.0,0,0.0,0.0,0.0,0.0,0.0,0,0.0,0.0,0.0,0.0,0.0,0.0,0.0,0.0,0.0,0.0,0,0.0,0.0,0.0,0.0,0.0,0.0,0,0.0
명동2가,0,0,jung_petStatus.csv,0.0,0.0,0.0,1.3,0.0,0,0.0,0.0,0.0,0.0,0,0.0,0.0,0.0,0,0.0,0.0,0.0,0.0,0.0,0,0.0,0.0,0.0,0.0,0.0,0.0,0.0,0.0,0.0,0.0,0,0.0,0.0,0.0,0.0,0.0,0.0,0,0.0
저동1가,0,0,jung_petStatus.csv,0.0,0.0,0.0,1.0,0.0,0,0.0,0.0,0.0,0.0,0,0.0,0.0,0.0,0,0.0,0.0,0.0,0.0,0.0,0,0.0,0.0,0.0,0.0,0.0,0.0,0.0,0.0,0.0,0.0,0,0.0,0.0,0.0,0.0,0.0,0.0,0,0.0
저동2가,0,0,jung_petStatus.csv,0.0,0.0,0.0,1.0,0.0,0,0.0,0.0,0.0,0.0,0,0.0,0.0,0.0,0,0.0,0.0,0.0,0.0,0.0,0,0.0,0.0,0.0,0.0,0.0,0.0,0.0,0.0,0.0,0.0,0,0.0,0.0,0.0,0.0,0.0,0.0,0,0.0
필동1가,0,0,jung_petStatus.csv,0.0,0.0,0.0,1.33,0.0,0,0.0,0.0,0.0,0.0,0,0.0,0.0,0.0,0,0.0,0.0,0.0,0.0,0.0,0,0.0,0.0,0.0,0.0,0.0,0.0,0.0,0.0,0.0,0.0,0,0.0,0.0,0.0,0.0,0.0,0.0,0,0.0
필동2가,0,0,jung_petStatus.csv,0.0,0.0,0.0,1.38,0.0,0,0.0,0.0,0.0,0.0,0,0.0,0.0,0.0,0,0.0,0.0,0.0,0.0,0.0,0,0.0,0.0,0.0,0.0,0.0,0.0,0.0,0.0,0.0,0.0,0,0.0,0.0,0.0,0.0,0.0,0.0,0,0.0
필동3가,0,0,jung_petStatus.csv,0.0,0.0,0.0,1.36,0.0,0,0.0,0.0,0.0,0.0,0,0.0,0.0,0.0,0,0.0,0.0,0.0,0.0,0.0,0,0.0,0.0,0.0,0.0,0.0,0.0,0.0,0.0,0.0,0.0,0,0.0,0.0,0.0,0.0,0.0,0.0,0,0.0
서소문동,0,0,jung_petStatus.csv,0.0,0.0,0.0,14.0,0.0,0,0.0,0.0,0.0,0.0,0,0.0,0.0,0.0,0,0.0,0.0,0.0,0.0,0.0,0,0.0,0.0,0.0,0.0,0.0,0.0,0.0,0.0,0.0,0.0,0,0.0,0.0,0.0,0.0,0.0,0.0,0,0.0
광희동1가,0,0,jung_petStatus.csv,0.0,0.0,0.0,1.32,0.0,0,0.0,0.0,0.0,0.0,0,0.0,0.0,0.0,0,0.0,0.0,0.0,0.0,0.0,0,0.0,0.0,0.0,0.0,0.0,0.0,0.0,0.0,0.0,0.0,0,0.0,0.0,0.0,0.0,0.0,0.0,0,0.0
광희동2가,0,0,jung_petStatus.csv,0.0,0.0,0.0,1.21,0.0,0,0.0,0.0,0.0,0.0,0,0.0,0.0,0.0,0,0.0,0.0,0.0,0.0,0.0,0,0.0,0.0,0.0,0.0,0.0,0.0,0.0,0.0,0.0,0.0,0,0.0,0.0,0.0,0.0,0.0,0.0,0,0.0
남산동1가,0,0,jung_petStatus.csv,0.0,0.0,0.0,1.89,0.0,0,0.0,0.0,0.0,0.0,0,0.0,0.0,0.0,0,0.0,0.0,0.0,0.0,0.0,0,0.0,0.0,0.0,0.0,0.0,0.0,0.0,0.0,0.0,0.0,0,0.0,0.0,0.0,0.0,0.0,0.0,0,0.0
남산동2가,0,0,jung_petStatus.csv,0.0,0.0,0.0,1.38,0.0,0,0.0,0.0,0.0,0.0,0,0.0,0.0,0.0,0,0.0,0.0,0.0,0.0,0.0,0,0.0,0.0,0.0,0.0,0.0,0.0,0.0,0.0,0.0,0.0,0,0.0,0.0,0.0,0.0,0.0,0.0,0,0.0
남산동3가,0,0,jung_petStatus.csv,0.0,0.0,0.0,1.5,0.0,0,0.0,0.0,0.0,0.0,0,0.0,0.0,0.0,0,0.0,0.0,0.0,0.0,0.0,0,0.0,0.0,0.0,0.0,0.0,0.0,0.0,0.0,0.0,0.0,0,0.0,0.0,0.0,0.0,0.0,0.0,0,0.0
만리동1가,0,0,jung_petStatus.csv,0.0,0.0,0.0,1.18,0.0,0,0.0,0.0,0.0,0.0,0,0.0,0.0,0.0,0,0.0,0.0,0.0,0.0,0.0,0,0.0,0.0,0.0,0.0,0.0,0.0,0.0,0.0,0.0,0.0,0,0.0,0.0,0.0,0.0,0.0,0.0,0,0.0
만리동2가,0,0,jung_petStatus.csv,0.0,0.0,0.0,1.29,0.0,0,0.0,0.0,0.0,0.0,0,0.0,0.0,0.0,0,0.0,0.0,0.0,0.0,0.0,0,0.0,0.0,0.0,0.0,0.0,0.0,0.0,0.0,0.0,0.0,0,0.0,0.0,0.0,0.0,0.0,0.0,0,0.0
봉래동1가,0,0,jung_petStatus.csv,0.0,0.0,0.0,1.11,0.0,0,0.0,0.0,0.0,0.0,0,0.0,0.0,0.0,0,0.0,0.0,0.0,0.0,0.0,0,0.0,0.0,0.0,0.0,0.0,0.0,0.0,0.0,0.0,0.0,0,0.0,0.0,0.0,0.0,0.0,0.0,0,0.0
봉래동2가,0,0,jung_petStatus.csv,0.0,0.0,0.0,1.0,0.0,0,0.0,0.0,0.0,0.0,0,0.0,0.0,0.0,0,0.0,0.0,0.0,0.0,0.0,0,0.0,0.0,0.0,0.0,0.0,0.0,0.0,0.0,0.0,0.0,0,0.0,0.0,0.0,0.0,0.0,0.0,0,0.0
을지로3가,0,0,jung_petStatus.csv,0.0,0.0,0.0,1.4,0.0,0,0.0,0.0,0.0,0.0,0,0.0,0.0,0.0,0,0.0,0.0,0.0,0.0,0.0,0,0.0,0.0,0.0,0.0,0.0,0.0,0.0,0.0,0.0,0.0,0,0.0,0.0,0.0,0.0,0.0,0.0,0,0.0
을지로4가,0,0,jung_petStatus.csv,0.0,0.0,0.0,1.2,0.0,0,0.0,0.0,0.0,0.0,0,0.0,0.0,0.0,0,0.0,0.0,0.0,0.0,0.0,0,0.0,0.0,0.0,0.0,0.0,0.0,0.0,0.0,0.0,0.0,0,0.0,0.0,0.0,0.0,0.0,0.0,0,0.0
을지로5가,0,0,jung_petStatus.csv,0.0,0.0,0.0,1.38,0.0,0,0.0,0.0,0.0,0.0,0,0.0,0.0,0.0,0,0.0,0.0,0.0,0.0,0.0,0,0.0,0.0,0.0,0.0,0.0,0.0,0.0,0.0,0.0,0.0,0,0.0,0.0,0.0,0.0,0.0,0.0,0,0.0
을지로6가,0,0,jung_petStatus.csv,0.0,0.0,0.0,1.53,0.0,0,0.0,0.0,0.0,0.0,0,0.0,0.0,0.0,0,0.0,0.0,0.0,0.0,0.0,0,0.0,0.0,0.0,0.0,0.0,0.0,0.0,0.0,0.0,0.0,0,0.0,0.0,0.0,0.0,0.0,0.0,0,0.0
을지로7가,0,0,jung_petStatus.csv,0.0,0.0,0.0,1.13,0.0,0,0.0,0.0,0.0,0.0,0,0.0,0.0,0.0,0,0.0,0.0,0.0,0.0,0.0,0,0.0,0.0,0.0,0.0,0.0,0.0,0.0,0.0,0.0,0.0,0,0.0,0.0,0.0,0.0,0.0,0.0,0,0.0
의주로1가,0,0,jung_petStatus.csv,0.0,0.0,0.0,1.0,0.0,0,0.0,0.0,0.0,0.0,0,0.0,0.0,0.0,0,0.0,0.0,0.0,0.0,0.0,0,0.0,0.0,0.0,0.0,0.0,0.0,0.0,0.0,0.0,0.0,0,0.0,0.0,0.0,0.0,0.0,0.0,0,0.0
의주로2가,0,0,jung_petStatus.csv,0.0,0.0,0.0,1.0,0.0,0,0.0,0.0,0.0,0.0,0,0.0,0.0,0.0,0,0.0,0.0,0.0,0.0,0.0,0,0.0,0.0,0.0,0.0,0.0,0.0,0.0,0.0,0.0,0.0,0,0.0,0.0,0.0,0.0,0.0,0.0,0,0.0
인현동1가,0,0,jung_petStatus.csv,0.0,0.0,0.0,1.2,0.0,0,0.0,0.0,0.0,0.0,0,0.0,0.0,0.0,0,0.0,0.0,0.0,0.0,0.0,0,0.0,0.0,0.0,0.0,0.0,0.0,0.0,0.0,0.0,0.0,0,0.0,0.0,0.0,0.0,0.0,0.0,0,0.0
인현동2가,0,0,jung_petStatus.csv,0.0,0.0,0.0,1.37,0.0,0,0.0,0.0,0.0,0.0,0,0.0,0.0,0.0,0,0.0,0.0,0.0,0.0,0.0,0,0.0,0.0,0.0,0.0,0.0,0.0,0.0,0.0,0.0,0.0,0,0.0,0.0,0.0,0.0,0.0,0.0,0,0.0
장충동1가,0,0,jung_petStatus.csv,0.0,0.0,0.0,1.41,0.0,0,0.0,0.0,0.0,0.0,0,0.0,0.0,0.0,0,0.0,0.0,0.0,0.0,0.0,0,0.0,0.0,0.0,0.0,0.0,0.0,0.0,0.0,0.0,0.0,0,0.0,0.0,0.0,0.0,0.0,0.0,0,0.0
장충동2가,0,0,jung_petStatus.csv,0.0,0.0,0.0,1.24,0.0,0,0.0,0.0,0.0,0.0,0,0.0,0.0,0.0,0,0.0,0.0,0.0,0.0,0.0,0,0.0,0.0,0.0,0.0,0.0,0.0,0.0,0.0,0.0,0.0,0,0.0,0.0,0.0,0.0,0.0,0.0,0,0.0
충무로1가,0,0,jung_petStatus.csv,0.0,0.0,0.0,1.5,0.0,0,0.0,0.0,0.0,0.0,0,0.0,0.0,0.0,0,0.0,0.0,0.0,0.0,0.0,0,0.0,0.0,0.0,0.0,0.0,0.0,0.0,0.0,0.0,0.0,0,0.0,0.0,0.0,0.0,0.0,0.0,0,0.0
충무로2가,0,0,jung_petStatus.csv,0.0,0.0,0.0,1.25,0.0,0,0.0,0.0,0.0,0.0,0,0.0,0.0,0.0,0,0.0,0.0,0.0,0.0,0.0,0,0.0,0.0,0.0,0.0,0.0,0.0,0.0,0.0,0.0,0.0,0,0.0,0.0,0.0,0.0,0.0,0.0,0,0.0
충무로3가,0,0,jung_petStatus.csv,0.0,0.0,0.0,1.25,0.0,0,0.0,0.0,0.0,0.0,0,0.0,0.0,0.0,0,0.0,0.0,0.0,0.0,0.0,0,0.0,0.0,0.0,0.0,0.0,0.0,0.0,0.0,0.0,0.0,0,0.0,0.0,0.0,0.0,0.0,0.0,0,0.0
충무로4가,0,0,jung_petStatus.csv,0.0,0.0,0.0,1.48,0.0,0,0.0,0.0,0.0,0.0,0,0.0,0.0,0.0,0,0.0,0.0,0.0,0.0,0.0,0,0.0,0.0,0.0,0.0,0.0,0.0,0.0,0.0,0.0,0.0,0,0.0,0.0,0.0,0.0,0.0,0.0,0,0.0
충무로5가,0,0,jung_petStatus.csv,0.0,0.0,0.0,1.45,0.0,0,0.0,0.0,0.0,0.0,0,0.0,0.0,0.0,0,0.0,0.0,0.0,0.0,0.0,0,0.0,0.0,0.0,0.0,0.0,0.0,0.0,0.0,0.0,0.0,0,0.0,0.0,0.0,0.0,0.0,0.0,0,0.0
태평로1가,0,0,jung_petStatus.csv,0.0,0.0,0.0,1.0,0.0,0,0.0,0.0,0.0,0.0,0,0.0,0.0,0.0,0,0.0,0.0,0.0,0.0,0.0,0,0.0,0.0,0.0,0.0,0.0,0.0,0.0,0.0,0.0,0.0,0,0.0,0.0,0.0,0.0,0.0,0.0,0,0.0
태평로2가,0,0,jung_petStatus.csv,0.0,0.0,0.0,1.0,0.0,0,0.0,0.0,0.0,0.0,0,0.0,0.0,0.0,0,0.0,0.0,0.0,0.0,0.0,0,0.0,0.0,0.0,0.0,0.0,0.0,0.0,0.0,0.0,0.0,0,0.0,0.0,0.0,0.0,0.0,0.0,0,0.0
회현동1가,0,0,jung_petStatus.csv,0.0,0.0,0.0,1.28,0.0,0,0.0,0.0,0.0,0.0,0,0.0,0.0,0.0,0,0.0,0.0,0.0,0.0,0.0,0,0.0,0.0,0.0,0.0,0.0,0.0,0.0,0.0,0.0,0.0,0,0.0,0.0,0.0,0.0,0.0,0.0,0,0.0
회현동2가,0,0,jung_petStatus.csv,0.0,0.0,0.0,1.29,0.0,0,0.0,0.0,0.0,0.0,0,0.0,0.0,0.0,0,0.0,0.0,0.0,0.0,0.0,0,0.0,0.0,0.0,0.0,0.0,0.0,0.0,0.0,0.0,0.0,0,0.0,0.0,0.0,0.0,0.0,0.0,0,0.0
회현동3가,0,0,jung_petStatus.csv,0.0,0.0,0.0,4.0,0.0,0,0.0,0.0,0.0,0.0,0,0.0,0.0,0.0,0,0.0,0.0,0.0,0.0,0.0,0,0.0,0.0,0.0,0.0,0.0,0.0,0.0,0.0,0.0,0.0,0,0.0,0.0,0.0,0.0,0.0,0.0,0,0.0
남대문로5가,0,0,jung_petStatus.csv,0.0,0.0,0.0,1.15,0.0,0,0.0,0.0,0.0,0.0,0,0.0,0.0,0.0,0,0.0,0.0,0.0,0.0,0.0,0,0.0,0.0,0.0,0.0,0.0,0.0,0.0,0.0,0.0,0.0,0,0.0,0.0,0.0,0.0,0.0,0.0,0,0.0
합계,0,0,jung_petStatus.csv,0.0,0.0,0.0,1.32,0.0,0,0.0,0.0,0.0,0.0,0,0.0,0.0,0.0,0,0.0,0.0,0.0,0.0,0.0,0,0.0,0.0,0.0,0.0,0.0,0.0,0.0,0.0,0.0,0.0,0,0.0,0.0,0.0,0.0,0.0,0.0,0,0.0
본동,0,0,dongjak_petStatus.csv,0.0,0.0,0.0,1.28,0.0,0,0.0,0.0,0.0,0.0,0,0.0,0.0,0.0,0,0.0,0.0,0.0,66.0,0.0,서울특별시 동작구,296.0,263.0,625.0,0.0,0.0,0.0,0.0,0.0,0.0,0.0,0,0.0,0.0,0.0,0.0,0.0,0.0,0,0.0
대방동,0,0,dongjak_petStatus.csv,0.0,0.0,0.0,1.27,0.0,0,0.0,0.0,0.0,0.0,0,0.0,0.0,0.0,0,0.0,0.0,0.0,225.0,0.0,서울특별시 동작구,896.0,982.0,2103.0,0.0,0.0,0.0,0.0,0.0,0.0,0.0,0,0.0,0.0,0.0,0.0,0.0,0.0,0,0.0
동작동,0,0,dongjak_petStatus.csv,0.0,0.0,0.0,1.21,0.0,0,0.0,0.0,0.0,0.0,0,0.0,0.0,0.0,0,0.0,0.0,0.0,24.0,0.0,서울특별시 동작구,183.0,153.0,360.0,0.0,0.0,0.0,0.0,0.0,0.0,0.0,0,0.0,0.0,0.0,0.0,0.0,0.0,0,0.0
사당동,0,0,dongjak_petStatus.csv,0.0,0.0,0.0,1.35,0.0,0,0.0,0.0,0.0,0.0,0,0.0,0.0,0.0,0,0.0,0.0,0.0,446.0,0.0,서울특별시 동작구,2500.0,2465.0,5411.0,0.0,0.0,0.0,0.0,0.0,0.0,0.0,0,0.0,0.0,0.0,0.0,0.0,0.0,0,0.0
상도동,0,0,dongjak_petStatus.csv,0.0,0.0,0.0,1.3,0.0,0,0.0,0.0,0.0,0.0,0,0.0,0.0,0.0,0,0.0,0.0,0.0,588.0,0.0,서울특별시 동작구,3073.0,2781.0,6442.0,0.0,0.0,0.0,0.0,0.0,0.0,0.0,0,0.0,0.0,0.0,0.0,0.0,0.0,0,0.0
흑석동,0,0,dongjak_petStatus.csv,0.0,0.0,0.0,1.28,0.0,0,0.0,0.0,0.0,0.0,0,0.0,0.0,0.0,0,0.0,0.0,0.0,95.0,0.0,서울특별시 동작구,872.0,835.0,1802.0,0.0,0.0,0.0,0.0,0.0,0.0,0.0,0,0.0,0.0,0.0,0.0,0.0,0.0,0,0.0
상도1동,0,0,dongjak_petStatus.csv,0.0,0.0,0.0,1.32,0.0,0,0.0,0.0,0.0,0.0,0,0.0,0.0,0.0,0,0.0,0.0,0.0,39.0,0.0,서울특별시 동작구,241.0,244.0,524.0,0.0,0.0,0.0,0.0,0.0,0.0,0.0,0,0.0,0.0,0.0,0.0,0.0,0.0,0,0.0
노량진동,0,0,dongjak_petStatus.csv,0.0,0.0,0.0,1.32,0.0,0,0.0,0.0,0.0,0.0,0,0.0,0.0,0.0,0,0.0,0.0,0.0,142.0,0.0,서울특별시 동작구,771.0,677.0,1590.0,0.0,0.0,0.0,0.0,0.0,0.0,0.0,0,0.0,0.0,0.0,0.0,0.0,0.0,0,0.0
신대방동,0,0,dongjak_petStatus.csv,0.0,0.0,0.0,1.29,0.0,0,0.0,0.0,0.0,0.0,0,0.0,0.0,0.0,0,0.0,0.0,0.0,229.0,0.0,서울특별시 동작구,1148.0,1152.0,2529.0,0.0,0.0,0.0,0.0,0.0,0.0,0.0,0,0.0,0.0,0.0,0.0,0.0,0.0,0,0.0
길음동,0,1.24,seongbuk_petStatus.csv,0.0,0.0,0.0,0.0,2005.0,0,0.0,0.0,0.0,0.0,0,0.0,0.0,0.0,0,0.0,0.0,0.0,0.0,0.0,0,0.0,0.0,0.0,67.0,1621.0,0.0,0.0,0.0,0.0,0.0,0,0.0,0.0,0.0,0.0,0.0,0.0,0,0.0
돈암동,0,1.25,seongbuk_petStatus.csv,0.0,0.0,0.0,0.0,1978.0,0,0.0,0.0,0.0,0.0,0,0.0,0.0,0.0,0,0.0,0.0,0.0,0.0,0.0,0,0.0,0.0,0.0,60.0,1586.0,0.0,0.0,0.0,0.0,0.0,0,0.0,0.0,0.0,0.0,0.0,0.0,0,0.0
석관동,0,1.26,seongbuk_petStatus.csv,0.0,0.0,0.0,0.0,1573.0,0,0.0,0.0,0.0,0.0,0,0.0,0.0,0.0,0,0.0,0.0,0.0,0.0,0.0,0,0.0,0.0,0.0,59.0,1247.0,0.0,0.0,0.0,0.0,0.0,0,0.0,0.0,0.0,0.0,0.0,0.0,0,0.0
성북동,0,1.42,seongbuk_petStatus.csv,0.0,0.0,0.0,0.0,1062.0,0,0.0,0.0,0.0,0.0,0,0.0,0.0,0.0,0,0.0,0.0,0.0,0.0,0.0,0,0.0,0.0,0.0,80.0,746.0,0.0,0.0,0.0,0.0,0.0,0,0.0,0.0,0.0,0.0,0.0,0.0,0,0.0
장위동,0,1.35,seongbuk_petStatus.csv,0.0,0.0,0.0,0.0,3106.0,0,0.0,0.0,0.0,0.0,0,0.0,0.0,0.0,0,0.0,0.0,0.0,0.0,0.0,0,0.0,0.0,0.0,75.0,2304.0,0.0,0.0,0.0,0.0,0.0,0,0.0,0.0,0.0,0.0,0.0,0.0,0,0.0
정릉동,0,1.28,seongbuk_petStatus.csv,0.0,0.0,0.0,0.0,3970.0,0,0.0,0.0,0.0,0.0,0,0.0,0.0,0.0,0,0.0,0.0,0.0,0.0,0.0,0,0.0,0.0,0.0,87.0,3102.0,0.0,0.0,0.0,0.0,0.0,0,0.0,0.0,0.0,0.0,0.0,0.0,0,0.0
종암동,0,1.25,seongbuk_petStatus.csv,0.0,0.0,0.0,0.0,1748.0,0,0.0,0.0,0.0,0.0,0,0.0,0.0,0.0,0,0.0,0.0,0.0,0.0,0.0,0,0.0,0.0,0.0,64.0,1404.0,0.0,0.0,0.0,0.0,0.0,0,0.0,0.0,0.0,0.0,0.0,0.0,0,0.0
상월곡동,0,1.25,seongbuk_petStatus.csv,0.0,0.0,0.0,0.0,507.0,0,0.0,0.0,0.0,0.0,0,0.0,0.0,0.0,0,0.0,0.0,0.0,0.0,0.0,0,0.0,0.0,0.0,46.0,404.0,0.0,0.0,0.0,0.0,0.0,0,0.0,0.0,0.0,0.0,0.0,0.0,0,0.0
하월곡동,0,1.33,seongbuk_petStatus.csv,0.0,0.0,0.0,0.0,2005.0,0,0.0,0.0,0.0,0.0,0,0.0,0.0,0.0,0,0.0,0.0,0.0,0.0,0.0,0,0.0,0.0,0.0,67.0,1504.0,0.0,0.0,0.0,0.0,0.0,0,0.0,0.0,0.0,0.0,0.0,0.0,0,0.0
동선동1가,0,1.16,seongbuk_petStatus.csv,0.0,0.0,0.0,0.0,57.0,0,0.0,0.0,0.0,0.0,0,0.0,0.0,0.0,0,0.0,0.0,0.0,0.0,0.0,0,0.0,0.0,0.0,21.0,49.0,0.0,0.0,0.0,0.0,0.0,0,0.0,0.0,0.0,0.0,0.0,0.0,0,0.0
동선동2가,0,1.35,seongbuk_petStatus.csv,0.0,0.0,0.0,0.0,107.0,0,0.0,0.0,0.0,0.0,0,0.0,0.0,0.0,0,0.0,0.0,0.0,0.0,0.0,0,0.0,0.0,0.0,28.0,79.0,0.0,0.0,0.0,0.0,0.0,0,0.0,0.0,0.0,0.0,0.0,0.0,0,0.0
동선동3가,0,1.3,seongbuk_petStatus.csv,0.0,0.0,0.0,0.0,136.0,0,0.0,0.0,0.0,0.0,0,0.0,0.0,0.0,0,0.0,0.0,0.0,0.0,0.0,0,0.0,0.0,0.0,31.0,105.0,0.0,0.0,0.0,0.0,0.0,0,0.0,0.0,0.0,0.0,0.0,0.0,0,0.0
동선동4가,0,1.29,seongbuk_petStatus.csv,0.0,0.0,0.0,0.0,145.0,0,0.0,0.0,0.0,0.0,0,0.0,0.0,0.0,0,0.0,0.0,0.0,0.0,0.0,0,0.0,0.0,0.0,32.0,112.0,0.0,0.0,0.0,0.0,0.0,0,0.0,0.0,0.0,0.0,0.0,0.0,0,0.0
동선동5가,0,1.21,seongbuk_petStatus.csv,0.0,0.0,0.0,0.0,91.0,0,0.0,0.0,0.0,0.0,0,0.0,0.0,0.0,0,0.0,0.0,0.0,0.0,0.0,0,0.0,0.0,0.0,20.0,75.0,0.0,0.0,0.0,0.0,0.0,0,0.0,0.0,0.0,0.0,0.0,0.0,0,0.0
보문동1가,0,1.21,seongbuk_petStatus.csv,0.0,0.0,0.0,0.0,88.0,0,0.0,0.0,0.0,0.0,0,0.0,0.0,0.0,0,0.0,0.0,0.0,0.0,0.0,0,0.0,0.0,0.0,15.0,73.0,0.0,0.0,0.0,0.0,0.0,0,0.0,0.0,0.0,0.0,0.0,0.0,0,0.0
보문동2가,0,1.25,seongbuk_petStatus.csv,0.0,0.0,0.0,0.0,127.0,0,0.0,0.0,0.0,0.0,0,0.0,0.0,0.0,0,0.0,0.0,0.0,0.0,0.0,0,0.0,0.0,0.0,27.0,102.0,0.0,0.0,0.0,0.0,0.0,0,0.0,0.0,0.0,0.0,0.0,0.0,0,0.0
보문동3가,0,1.24,seongbuk_petStatus.csv,0.0,0.0,0.0,0.0,149.0,0,0.0,0.0,0.0,0.0,0,0.0,0.0,0.0,0,0.0,0.0,0.0,0.0,0.0,0,0.0,0.0,0.0,26.0,120.0,0.0,0.0,0.0,0.0,0.0,0,0.0,0.0,0.0,0.0,0.0,0.0,0,0.0
보문동4가,0,1.34,seongbuk_petStatus.csv,0.0,0.0,0.0,0.0,47.0,0,0.0,0.0,0.0,0.0,0,0.0,0.0,0.0,0,0.0,0.0,0.0,0.0,0.0,0,0.0,0.0,0.0,12.0,35.0,0.0,0.0,0.0,0.0,0.0,0,0.0,0.0,0.0,0.0,0.0,0.0,0,0.0
보문동5가,0,1.33,seongbuk_petStatus.csv,0.0,0.0,0.0,0.0,100.0,0,0.0,0.0,0.0,0.0,0,0.0,0.0,0.0,0,0.0,0.0,0.0,0.0,0.0,0,0.0,0.0,0.0,25.0,75.0,0.0,0.0,0.0,0.0,0.0,0,0.0,0.0,0.0,0.0,0.0,0.0,0,0.0
보문동6가,0,1.3,seongbuk_petStatus.csv,0.0,0.0,0.0,0.0,301.0,0,0.0,0.0,0.0,0.0,0,0.0,0.0,0.0,0,0.0,0.0,0.0,0.0,0.0,0,0.0,0.0,0.0,39.0,231.0,0.0,0.0,0.0,0.0,0.0,0,0.0,0.0,0.0,0.0,0.0,0.0,0,0.0
보문동7가,0,1.42,seongbuk_petStatus.csv,0.0,0.0,0.0,0.0,34.0,0,0.0,0.0,0.0,0.0,0,0.0,0.0,0.0,0,0.0,0.0,0.0,0.0,0.0,0,0.0,0.0,0.0,19.0,24.0,0.0,0.0,0.0,0.0,0.0,0,0.0,0.0,0.0,0.0,0.0,0.0,0,0.0
삼선동1가,0,1.3,seongbuk_petStatus.csv,0.0,0.0,0.0,0.0,296.0,0,0.0,0.0,0.0,0.0,0,0.0,0.0,0.0,0,0.0,0.0,0.0,0.0,0.0,0,0.0,0.0,0.0,37.0,228.0,0.0,0.0,0.0,0.0,0.0,0,0.0,0.0,0.0,0.0,0.0,0.0,0,0.0
삼선동2가,0,1.29,seongbuk_petStatus.csv,0.0,0.0,0.0,0.0,330.0,0,0.0,0.0,0.0,0.0,0,0.0,0.0,0.0,0,0.0,0.0,0.0,0.0,0.0,0,0.0,0.0,0.0,37.0,255.0,0.0,0.0,0.0,0.0,0.0,0,0.0,0.0,0.0,0.0,0.0,0.0,0,0.0
삼선동3가,0,1.3,seongbuk_petStatus.csv,0.0,0.0,0.0,0.0,240.0,0,0.0,0.0,0.0,0.0,0,0.0,0.0,0.0,0,0.0,0.0,0.0,0.0,0.0,0,0.0,0.0,0.0,31.0,184.0,0.0,0.0,0.0,0.0,0.0,0,0.0,0.0,0.0,0.0,0.0,0.0,0,0.0
삼선동4가,0,1.27,seongbuk_petStatus.csv,0.0,0.0,0.0,0.0,114.0,0,0.0,0.0,0.0,0.0,0,0.0,0.0,0.0,0,0.0,0.0,0.0,0.0,0.0,0,0.0,0.0,0.0,23.0,90.0,0.0,0.0,0.0,0.0,0.0,0,0.0,0.0,0.0,0.0,0.0,0.0,0,0.0
삼선동5가,0,1.28,seongbuk_petStatus.csv,0.0,0.0,0.0,0.0,205.0,0,0.0,0.0,0.0,0.0,0,0.0,0.0,0.0,0,0.0,0.0,0.0,0.0,0.0,0,0.0,0.0,0.0,34.0,160.0,0.0,0.0,0.0,0.0,0.0,0,0.0,0.0,0.0,0.0,0.0,0.0,0,0.0
성북동1가,0,1.36,seongbuk_petStatus.csv,0.0,0.0,0.0,0.0,136.0,0,0.0,0.0,0.0,0.0,0,0.0,0.0,0.0,0,0.0,0.0,0.0,0.0,0.0,0,0.0,0.0,0.0,31.0,100.0,0.0,0.0,0.0,0.0,0.0,0,0.0,0.0,0.0,0.0,0.0,0.0,0,0.0
안암동1가,0,1.19,seongbuk_petStatus.csv,0.0,0.0,0.0,0.0,162.0,0,0.0,0.0,0.0,0.0,0,0.0,0.0,0.0,0,0.0,0.0,0.0,0.0,0.0,0,0.0,0.0,0.0,33.0,136.0,0.0,0.0,0.0,0.0,0.0,0,0.0,0.0,0.0,0.0,0.0,0.0,0,0.0
안암동2가,0,1.34,seongbuk_petStatus.csv,0.0,0.0,0.0,0.0,126.0,0,0.0,0.0,0.0,0.0,0,0.0,0.0,0.0,0,0.0,0.0,0.0,0.0,0.0,0,0.0,0.0,0.0,21.0,94.0,0.0,0.0,0.0,0.0,0.0,0,0.0,0.0,0.0,0.0,0.0,0.0,0,0.0
안암동3가,0,1.35,seongbuk_petStatus.csv,0.0,0.0,0.0,0.0,253.0,0,0.0,0.0,0.0,0.0,0,0.0,0.0,0.0,0,0.0,0.0,0.0,0.0,0.0,0,0.0,0.0,0.0,38.0,187.0,0.0,0.0,0.0,0.0,0.0,0,0.0,0.0,0.0,0.0,0.0,0.0,0,0.0
안암동4가,0,1.13,seongbuk_petStatus.csv,0.0,0.0,0.0,0.0,51.0,0,0.0,0.0,0.0,0.0,0,0.0,0.0,0.0,0,0.0,0.0,0.0,0.0,0.0,0,0.0,0.0,0.0,18.0,45.0,0.0,0.0,0.0,0.0,0.0,0,0.0,0.0,0.0,0.0,0.0,0.0,0,0.0
안암동5가,0,1.26,seongbuk_petStatus.csv,0.0,0.0,0.0,0.0,118.0,0,0.0,0.0,0.0,0.0,0,0.0,0.0,0.0,0,0.0,0.0,0.0,0.0,0.0,0,0.0,0.0,0.0,25.0,94.0,0.0,0.0,0.0,0.0,0.0,0,0.0,0.0,0.0,0.0,0.0,0.0,0,0.0
동소문동1가,0,1.35,seongbuk_petStatus.csv,0.0,0.0,0.0,0.0,69.0,0,0.0,0.0,0.0,0.0,0,0.0,0.0,0.0,0,0.0,0.0,0.0,0.0,0.0,0,0.0,0.0,0.0,17.0,51.0,0.0,0.0,0.0,0.0,0.0,0,0.0,0.0,0.0,0.0,0.0,0.0,0,0.0
동소문동2가,0,1.37,seongbuk_petStatus.csv,0.0,0.0,0.0,0.0,74.0,0,0.0,0.0,0.0,0.0,0,0.0,0.0,0.0,0,0.0,0.0,0.0,0.0,0.0,0,0.0,0.0,0.0,17.0,54.0,0.0,0.0,0.0,0.0,0.0,0,0.0,0.0,0.0,0.0,0.0,0.0,0,0.0
동소문동3가,0,1.17,seongbuk_petStatus.csv,0.0,0.0,0.0,0.0,7.0,0,0.0,0.0,0.0,0.0,0,0.0,0.0,0.0,0,0.0,0.0,0.0,0.0,0.0,0,0.0,0.0,0.0,6.0,6.0,0.0,0.0,0.0,0.0,0.0,0,0.0,0.0,0.0,0.0,0.0,0.0,0,0.0
동소문동4가,0,1.26,seongbuk_petStatus.csv,0.0,0.0,0.0,0.0,112.0,0,0.0,0.0,0.0,0.0,0,0.0,0.0,0.0,0,0.0,0.0,0.0,0.0,0.0,0,0.0,0.0,0.0,26.0,89.0,0.0,0.0,0.0,0.0,0.0,0,0.0,0.0,0.0,0.0,0.0,0.0,0,0.0
동소문동5가,0,1.19,seongbuk_petStatus.csv,0.0,0.0,0.0,0.0,44.0,0,0.0,0.0,0.0,0.0,0,0.0,0.0,0.0,0,0.0,0.0,0.0,0.0,0.0,0,0.0,0.0,0.0,16.0,37.0,0.0,0.0,0.0,0.0,0.0,0,0.0,0.0,0.0,0.0,0.0,0.0,0,0.0
동소문동6가,0,1.38,seongbuk_petStatus.csv,0.0,0.0,0.0,0.0,84.0,0,0.0,0.0,0.0,0.0,0,0.0,0.0,0.0,0,0.0,0.0,0.0,0.0,0.0,0,0.0,0.0,0.0,25.0,61.0,0.0,0.0,0.0,0.0,0.0,0,0.0,0.0,0.0,0.0,0.0,0.0,0,0.0
동소문동7가,0,1.25,seongbuk_petStatus.csv,0.0,0.0,0.0,0.0,120.0,0,0.0,0.0,0.0,0.0,0,0.0,0.0,0.0,0,0.0,0.0,0.0,0.0,0.0,0,0.0,0.0,0.0,22.0,96.0,0.0,0.0,0.0,0.0,0.0,0,0.0,0.0,0.0,0.0,0.0,0.0,0,0.0
가락동,0,0,songpa_petStatus.csv,0.0,0.0,0.0,0.0,0.0,0,0.0,0.0,0.0,0.0,송파구,3187.0,1.22,7.0,0,0.0,0.0,0.0,0.0,0.0,0,0.0,0.0,0.0,0.0,0.0,0.0,0.0,0.0,0.0,0.0,0,0.0,0.0,0.0,0.0,0.0,0.0,0,0.0
거여동,0,0,songpa_petStatus.csv,0.0,0.0,0.0,0.0,0.0,0,0.0,0.0,0.0,0.0,송파구,1597.0,1.26,6.0,0,0.0,0.0,0.0,0.0,0.0,0,0.0,0.0,0.0,0.0,0.0,0.0,0.0,0.0,0.0,0.0,0,0.0,0.0,0.0,0.0,0.0,0.0,0,0.0
마천동,0,0,songpa_petStatus.csv,0.0,0.0,0.0,0.0,0.0,0,0.0,0.0,0.0,0.0,송파구,1598.0,1.32,8.0,0,0.0,0.0,0.0,0.0,0.0,0,0.0,0.0,0.0,0.0,0.0,0.0,0.0,0.0,0.0,0.0,0,0.0,0.0,0.0,0.0,0.0,0.0,0,0.0
문정동,0,0,songpa_petStatus.csv,0.0,0.0,0.0,0.0,0.0,0,0.0,0.0,0.0,0.0,송파구,3015.0,1.23,12.0,0,0.0,0.0,0.0,0.0,0.0,0,0.0,0.0,0.0,0.0,0.0,0.0,0.0,0.0,0.0,0.0,0,0.0,0.0,0.0,0.0,0.0,0.0,0,0.0
방이동,0,0,songpa_petStatus.csv,0.0,0.0,0.0,0.0,0.0,0,0.0,0.0,0.0,0.0,송파구,2840.0,1.29,10.0,0,0.0,0.0,0.0,0.0,0.0,0,0.0,0.0,0.0,0.0,0.0,0.0,0.0,0.0,0.0,0.0,0,0.0,0.0,0.0,0.0,0.0,0.0,0,0.0
삼전동,0,0,songpa_petStatus.csv,0.0,0.0,0.0,0.0,0.0,0,0.0,0.0,0.0,0.0,송파구,1662.0,1.31,8.0,0,0.0,0.0,0.0,0.0,0.0,0,0.0,0.0,0.0,0.0,0.0,0.0,0.0,0.0,0.0,0.0,0,0.0,0.0,0.0,0.0,0.0,0.0,0,0.0
석촌동,0,0,songpa_petStatus.csv,0.0,0.0,0.0,0.0,0.0,0,0.0,0.0,0.0,0.0,송파구,1564.0,1.34,4.0,0,0.0,0.0,0.0,0.0,0.0,0,0.0,0.0,0.0,0.0,0.0,0.0,0.0,0.0,0.0,0.0,0,0.0,0.0,0.0,0.0,0.0,0.0,0,0.0
송파동,0,0,songpa_petStatus.csv,0.0,0.0,0.0,0.0,0.0,0,0.0,0.0,0.0,0.0,송파구,1876.0,1.28,3.0,0,0.0,0.0,0.0,0.0,0.0,0,0.0,0.0,0.0,0.0,0.0,0.0,0.0,0.0,0.0,0.0,0,0.0,0.0,0.0,0.0,0.0,0.0,0,0.0
신천동,0,0,songpa_petStatus.csv,0.0,0.0,0.0,0.0,0.0,0,0.0,0.0,0.0,0.0,송파구,1591.0,1.17,3.0,0,0.0,0.0,0.0,0.0,0.0,0,0.0,0.0,0.0,0.0,0.0,0.0,0.0,0.0,0.0,0.0,0,0.0,0.0,0.0,0.0,0.0,0.0,0,0.0
오금동,0,0,songpa_petStatus.csv,0.0,0.0,0.0,0.0,0.0,0,0.0,0.0,0.0,0.0,송파구,1646.0,1.23,3.0,0,0.0,0.0,0.0,0.0,0.0,0,0.0,0.0,0.0,0.0,0.0,0.0,0.0,0.0,0.0,0.0,0,0.0,0.0,0.0,0.0,0.0,0.0,0,0.0
잠실동,0,0,songpa_petStatus.csv,0.0,0.0,0.0,0.0,0.0,0,0.0,0.0,0.0,0.0,송파구,4832.0,1.22,8.0,0,0.0,0.0,0.0,0.0,0.0,0,0.0,0.0,0.0,0.0,0.0,0.0,0.0,0.0,0.0,0.0,0,0.0,0.0,0.0,0.0,0.0,0.0,0,0.0
장지동,0,0,songpa_petStatus.csv,0.0,0.0,0.0,0.0,0.0,0,0.0,0.0,0.0,0.0,송파구,1668.0,1.21,4.0,0,0.0,0.0,0.0,0.0,0.0,0,0.0,0.0,0.0,0.0,0.0,0.0,0.0,0.0,0.0,0.0,0,0.0,0.0,0.0,0.0,0.0,0.0,0,0.0
풍납동,0,0,songpa_petStatus.csv,0.0,0.0,0.0,0.0,0.0,0,0.0,0.0,0.0,0.0,송파구,1513.0,1.23,6.0,0,0.0,0.0,0.0,0.0,0.0,0,0.0,0.0,0.0,0.0,0.0,0.0,0.0,0.0,0.0,0.0,0,0.0,0.0,0.0,0.0,0.0,0.0,0,0.0
가산동,0,0,geumcheon_petStatus.csv,0.0,0.0,0.0,0.0,0.0,0,0.0,0.0,0.0,0.0,0,0.0,0.0,0.0,0,0.0,0.0,0.0,0.0,0.0,0,0.0,0.0,0.0,0.0,0.0,1344.0,981.0,1305.0,37.0,39.0,2025-02-27,0.0,0.0,0.0,0.0,0.0,0.0,0,0.0
독산동,0,0,geumcheon_petStatus.csv,0.0,0.0,0.0,0.0,0.0,0,0.0,0.0,0.0,0.0,0,0.0,0.0,0.0,0,0.0,0.0,0.0,0.0,0.0,0,0.0,0.0,0.0,0.0,0.0,6973.0,5178.0,6856.0,95.0,117.0,2025-02-27,0.0,0.0,0.0,0.0,0.0,0.0,0,0.0
시흥동,0,0,geumcheon_petStatus.csv,0.0,0.0,0.0,0.0,0.0,0,0.0,0.0,0.0,0.0,0,0.0,0.0,0.0,0,0.0,0.0,0.0,0.0,0.0,0,0.0,0.0,0.0,0.0,0.0,7246.0,5449.0,7148.0,74.0,98.0,2025-02-27,0.0,0.0,0.0,0.0,0.0,0.0,0,0.0
갈월동,0,0,yongsan_petStatus.csv,0.0,0.0,0.0,0.0,0.0,0,0.0,0.0,0.0,0.0,0,0.0,0.0,0.0,0,0.0,0.0,0.0,0.0,0.0,0,0.0,0.0,0.0,0.0,0.0,0.0,0.0,0.0,0.0,0.0,0,184.0,0.0,0.0,0.0,0.0,0.0,0,0.0
남영동,0,0,yongsan_petStatus.csv,0.0,0.0,0.0,0.0,0.0,0,0.0,0.0,0.0,0.0,0,0.0,0.0,0.0,0,0.0,0.0,0.0,0.0,0.0,0,0.0,0.0,0.0,0.0,0.0,0.0,0.0,0.0,0.0,0.0,0,43.0,0.0,0.0,0.0,0.0,0.0,0,0.0
도원동,0,0,yongsan_petStatus.csv,0.0,0.0,0.0,0.0,0.0,0,0.0,0.0,0.0,0.0,0,0.0,0.0,0.0,0,0.0,0.0,0.0,0.0,0.0,0,0.0,0.0,0.0,0.0,0.0,0.0,0.0,0.0,0.0,0.0,0,353.0,0.0,0.0,0.0,0.0,0.0,0,0.0
동자동,0,0,yongsan_petStatus.csv,0.0,0.0,0.0,0.0,0.0,0,0.0,0.0,0.0,0.0,0,0.0,0.0,0.0,0,0.0,0.0,0.0,0.0,0.0,0,0.0,0.0,0.0,0.0,0.0,0.0,0.0,0.0,0.0,0.0,0,253.0,0.0,0.0,0.0,0.0,0.0,0,0.0
문배동,0,0,yongsan_petStatus.csv,0.0,0.0,0.0,0.0,0.0,0,0.0,0.0,0.0,0.0,0,0.0,0.0,0.0,0,0.0,0.0,0.0,0.0,0.0,0,0.0,0.0,0.0,0.0,0.0,0.0,0.0,0.0,0.0,0.0,0,410.0,0.0,0.0,0.0,0.0,0.0,0,0.0
보광동,0,0,yongsan_petStatus.csv,0.0,0.0,0.0,0.0,0.0,0,0.0,0.0,0.0,0.0,0,0.0,0.0,0.0,0,0.0,0.0,0.0,0.0,0.0,0,0.0,0.0,0.0,0.0,0.0,0.0,0.0,0.0,0.0,0.0,0,1509.0,0.0,0.0,0.0,0.0,0.0,0,0.0
산천동,0,0,yongsan_petStatus.csv,0.0,0.0,0.0,0.0,0.0,0,0.0,0.0,0.0,0.0,0,0.0,0.0,0.0,0,0.0,0.0,0.0,0.0,0.0,0,0.0,0.0,0.0,0.0,0.0,0.0,0.0,0.0,0.0,0.0,0,526.0,0.0,0.0,0.0,0.0,0.0,0,0.0
서계동,0,0,yongsan_petStatus.csv,0.0,0.0,0.0,0.0,0.0,0,0.0,0.0,0.0,0.0,0,0.0,0.0,0.0,0,0.0,0.0,0.0,0.0,0.0,0,0.0,0.0,0.0,0.0,0.0,0.0,0.0,0.0,0.0,0.0,0,348.0,0.0,0.0,0.0,0.0,0.0,0,0.0
신계동,0,0,yongsan_petStatus.csv,0.0,0.0,0.0,0.0,0.0,0,0.0,0.0,0.0,0.0,0,0.0,0.0,0.0,0,0.0,0.0,0.0,0.0,0.0,0,0.0,0.0,0.0,0.0,0.0,0.0,0.0,0.0,0.0,0.0,0,182.0,0.0,0.0,0.0,0.0,0.0,0,0.0
신창동,0,0,yongsan_petStatus.csv,0.0,0.0,0.0,0.0,0.0,0,0.0,0.0,0.0,0.0,0,0.0,0.0,0.0,0,0.0,0.0,0.0,0.0,0.0,0,0.0,0.0,0.0,0.0,0.0,0.0,0.0,0.0,0.0,0.0,0,155.0,0.0,0.0,0.0,0.0,0.0,0,0.0
용문동,0,0,yongsan_petStatus.csv,0.0,0.0,0.0,0.0,0.0,0,0.0,0.0,0.0,0.0,0,0.0,0.0,0.0,0,0.0,0.0,0.0,0.0,0.0,0,0.0,0.0,0.0,0.0,0.0,0.0,0.0,0.0,0.0,0.0,0,352.0,0.0,0.0,0.0,0.0,0.0,0,0.0
이촌동,0,0,yongsan_petStatus.csv,0.0,0.0,0.0,0.0,0.0,0,0.0,0.0,0.0,0.0,0,0.0,0.0,0.0,0,0.0,0.0,0.0,0.0,0.0,0,0.0,0.0,0.0,0.0,0.0,0.0,0.0,0.0,0.0,0.0,0,2585.0,0.0,0.0,0.0,0.0,0.0,0,0.0
주성동,0,0,yongsan_petStatus.csv,0.0,0.0,0.0,0.0,0.0,0,0.0,0.0,0.0,0.0,0,0.0,0.0,0.0,0,0.0,0.0,0.0,0.0,0.0,0,0.0,0.0,0.0,0.0,0.0,0.0,0.0,0.0,0.0,0.0,0,81.0,0.0,0.0,0.0,0.0,0.0,0,0.0
청암동,0,0,yongsan_petStatus.csv,0.0,0.0,0.0,0.0,0.0,0,0.0,0.0,0.0,0.0,0,0.0,0.0,0.0,0,0.0,0.0,0.0,0.0,0.0,0,0.0,0.0,0.0,0.0,0.0,0.0,0.0,0.0,0.0,0.0,0,143.0,0.0,0.0,0.0,0.0,0.0,0,0.0
한남동,0,0,yongsan_petStatus.csv,0.0,0.0,0.0,0.0,0.0,0,0.0,0.0,0.0,0.0,0,0.0,0.0,0.0,0,0.0,0.0,0.0,0.0,0.0,0,0.0,0.0,0.0,0.0,0.0,0.0,0.0,0.0,0.0,0.0,0,2480.0,0.0,0.0,0.0,0.0,0.0,0,0.0
효창동,0,0,yongsan_petStatus.csv,0.0,0.0,0.0,0.0,0.0,0,0.0,0.0,0.0,0.0,0,0.0,0.0,0.0,0,0.0,0.0,0.0,0.0,0.0,0,0.0,0.0,0.0,0.0,0.0,0.0,0.0,0.0,0.0,0.0,0,687.0,0.0,0.0,0.0,0.0,0.0,0,0.0
후암동,0,0,yongsan_petStatus.csv,0.0,0.0,0.0,0.0,0.0,0,0.0,0.0,0.0,0.0,0,0.0,0.0,0.0,0,0.0,0.0,0.0,0.0,0.0,0,0.0,0.0,0.0,0.0,0.0,0.0,0.0,0.0,0.0,0.0,0,1394.0,0.0,0.0,0.0,0.0,0.0,0,0.0
동빙고동,0,0,yongsan_petStatus.csv,0.0,0.0,0.0,0.0,0.0,0,0.0,0.0,0.0,0.0,0,0.0,0.0,0.0,0,0.0,0.0,0.0,0.0,0.0,0,0.0,0.0,0.0,0.0,0.0,0.0,0.0,0.0,0.0,0.0,0,520.0,0.0,0.0,0.0,0.0,0.0,0,0.0
서빙고동,0,0,yongsan_petStatus.csv,0.0,0.0,0.0,0.0,0.0,0,0.0,0.0,0.0,0.0,0,0.0,0.0,0.0,0,0.0,0.0,0.0,0.0,0.0,0,0.0,0.0,0.0,0.0,0.0,0.0,0.0,0.0,0.0,0.0,0,456.0,0.0,0.0,0.0,0.0,0.0,0,0.0
이태원동,0,0,yongsan_petStatus.csv,0.0,0.0,0.0,0.0,0.0,0,0.0,0.0,0.0,0.0,0,0.0,0.0,0.0,0,0.0,0.0,0.0,0.0,0.0,0,0.0,0.0,0.0,0.0,0.0,0.0,0.0,0.0,0.0,0.0,0,2803.0,0.0,0.0,0.0,0.0,0.0,0,0.0
용산동2가,0,0,yongsan_petStatus.csv,0.0,0.0,0.0,0.0,0.0,0,0.0,0.0,0.0,0.0,0,0.0,0.0,0.0,0,0.0,0.0,0.0,0.0,0.0,0,0.0,0.0,0.0,0.0,0.0,0.0,0.0,0.0,0.0,0.0,0,1130.0,0.0,0.0,0.0,0.0,0.0,0,0.0
용산동3가,0,0,yongsan_petStatus.csv,0.0,0.0,0.0,0.0,0.0,0,0.0,0.0,0.0,0.0,0,0.0,0.0,0.0,0,0.0,0.0,0.0,0.0,0.0,0,0.0,0.0,0.0,0.0,0.0,0.0,0.0,0.0,0.0,0.0,0,14.0,0.0,0.0,0.0,0.0,0.0,0,0.0
용산동4가,0,0,yongsan_petStatus.csv,0.0,0.0,0.0,0.0,0.0,0,0.0,0.0,0.0,0.0,0,0.0,0.0,0.0,0,0.0,0.0,0.0,0.0,0.0,0,0.0,0.0,0.0,0.0,0.0,0.0,0.0,0.0,0.0,0.0,0,2.0,0.0,0.0,0.0,0.0,0.0,0,0.0
용산동5가,0,0,yongsan_petStatus.csv,0.0,0.0,0.0,0.0,0.0,0,0.0,0.0,0.0,0.0,0,0.0,0.0,0.0,0,0.0,0.0,0.0,0.0,0.0,0,0.0,0.0,0.0,0.0,0.0,0.0,0.0,0.0,0.0,0.0,0,230.0,0.0,0.0,0.0,0.0,0.0,0,0.0
원효로1가,0,0,yongsan_petStatus.csv,0.0,0.0,0.0,0.0,0.0,0,0.0,0.0,0.0,0.0,0,0.0,0.0,0.0,0,0.0,0.0,0.0,0.0,0.0,0,0.0,0.0,0.0,0.0,0.0,0.0,0.0,0.0,0.0,0.0,0,451.0,0.0,0.0,0.0,0.0,0.0,0,0.0
원효로2가,0,0,yongsan_petStatus.csv,0.0,0.0,0.0,0.0,0.0,0,0.0,0.0,0.0,0.0,0,0.0,0.0,0.0,0,0.0,0.0,0.0,0.0,0.0,0,0.0,0.0,0.0,0.0,0.0,0.0,0.0,0.0,0.0,0.0,0,156.0,0.0,0.0,0.0,0.0,0.0,0,0.0
원효로3가,0,0,yongsan_petStatus.csv,0.0,0.0,0.0,0.0,0.0,0,0.0,0.0,0.0,0.0,0,0.0,0.0,0.0,0,0.0,0.0,0.0,0.0,0.0,0,0.0,0.0,0.0,0.0,0.0,0.0,0.0,0.0,0.0,0.0,0,169.0,0.0,0.0,0.0,0.0,0.0,0,0.0
원효로4가,0,0,yongsan_petStatus.csv,0.0,0.0,0.0,0.0,0.0,0,0.0,0.0,0.0,0.0,0,0.0,0.0,0.0,0,0.0,0.0,0.0,0.0,0.0,0,0.0,0.0,0.0,0.0,0.0,0.0,0.0,0.0,0.0,0.0,0,253.0,0.0,0.0,0.0,0.0,0.0,0,0.0
청파동1가,0,0,yongsan_petStatus.csv,0.0,0.0,0.0,0.0,0.0,0,0.0,0.0,0.0,0.0,0,0.0,0.0,0.0,0,0.0,0.0,0.0,0.0,0.0,0,0.0,0.0,0.0,0.0,0.0,0.0,0.0,0.0,0.0,0.0,0,485.0,0.0,0.0,0.0,0.0,0.0,0,0.0
청파동2가,0,0,yongsan_petStatus.csv,0.0,0.0,0.0,0.0,0.0,0,0.0,0.0,0.0,0.0,0,0.0,0.0,0.0,0,0.0,0.0,0.0,0.0,0.0,0,0.0,0.0,0.0,0.0,0.0,0.0,0.0,0.0,0.0,0.0,0,145.0,0.0,0.0,0.0,0.0,0.0,0,0.0
청파동3가,0,0,yongsan_petStatus.csv,0.0,0.0,0.0,0.0,0.0,0,0.0,0.0,0.0,0.0,0,0.0,0.0,0.0,0,0.0,0.0,0.0,0.0,0.0,0,0.0,0.0,0.0,0.0,0.0,0.0,0.0,0.0,0.0,0.0,0,191.0,0.0,0.0,0.0,0.0,0.0,0,0.0
한강로1가,0,0,yongsan_petStatus.csv,0.0,0.0,0.0,0.0,0.0,0,0.0,0.0,0.0,0.0,0,0.0,0.0,0.0,0,0.0,0.0,0.0,0.0,0.0,0,0.0,0.0,0.0,0.0,0.0,0.0,0.0,0.0,0.0,0.0,0,425.0,0.0,0.0,0.0,0.0,0.0,0,0.0
한강로2가,0,0,yongsan_petStatus.csv,0.0,0.0,0.0,0.0,0.0,0,0.0,0.0,0.0,0.0,0,0.0,0.0,0.0,0,0.0,0.0,0.0,0.0,0.0,0,0.0,0.0,0.0,0.0,0.0,0.0,0.0,0.0,0.0,0.0,0,501.0,0.0,0.0,0.0,0.0,0.0,0,0.0
한강로3가,0,0,yongsan_petStatus.csv,0.0,0.0,0.0,0.0,0.0,0,0.0,0.0,0.0,0.0,0,0.0,0.0,0.0,0,0.0,0.0,0.0,0.0,0.0,0,0.0,0.0,0.0,0.0,0.0,0.0,0.0,0.0,0.0,0.0,0,677.0,0.0,0.0,0.0,0.0,0.0,0,0.0
도선동,0,291,sungdong_petStatus.csv,0.0,0.0,0.0,0.0,0.0,0,0.0,0.0,0.0,0.0,0,0.0,0.0,0.0,0,0.0,0.0,0.0,0.0,0.0,0,0.0,0.0,0.0,0.0,0.0,0.0,0.0,0.0,0.0,0.0,0,0.0,0.0,0.0,0.0,0.0,0.0,0,0.0
마장동,0,1144,sungdong_petStatus.csv,0.0,0.0,0.0,0.0,0.0,0,0.0,0.0,0.0,0.0,0,0.0,0.0,0.0,0,0.0,0.0,0.0,0.0,0.0,0,0.0,0.0,0.0,0.0,0.0,0.0,0.0,0.0,0.0,0.0,0,0.0,0.0,0.0,0.0,0.0,0.0,0,0.0
사근동,0,352,sungdong_petStatus.csv,0.0,0.0,0.0,0.0,0.0,0,0.0,0.0,0.0,0.0,0,0.0,0.0,0.0,0,0.0,0.0,0.0,0.0,0.0,0,0.0,0.0,0.0,0.0,0.0,0.0,0.0,0.0,0.0,0.0,0,0.0,0.0,0.0,0.0,0.0,0.0,0,0.0
송정동,0,735,sungdong_petStatus.csv,0.0,0.0,0.0,0.0,0.0,0,0.0,0.0,0.0,0.0,0,0.0,0.0,0.0,0,0.0,0.0,0.0,0.0,0.0,0,0.0,0.0,0.0,0.0,0.0,0.0,0.0,0.0,0.0,0.0,0,0.0,0.0,0.0,0.0,0.0,0.0,0,0.0
옥수동,0,1739,sungdong_petStatus.csv,0.0,0.0,0.0,0.0,0.0,0,0.0,0.0,0.0,0.0,0,0.0,0.0,0.0,0,0.0,0.0,0.0,0.0,0.0,0,0.0,0.0,0.0,0.0,0.0,0.0,0.0,0.0,0.0,0.0,0,0.0,0.0,0.0,0.0,0.0,0.0,0,0.0
용답동,0,831,sungdong_petStatus.csv,0.0,0.0,0.0,0.0,0.0,0,0.0,0.0,0.0,0.0,0,0.0,0.0,0.0,0,0.0,0.0,0.0,0.0,0.0,0,0.0,0.0,0.0,0.0,0.0,0.0,0.0,0.0,0.0,0.0,0,0.0,0.0,0.0,0.0,0.0,0.0,0,0.0
응봉동,0,983,sungdong_petStatus.csv,0.0,0.0,0.0,0.0,0.0,0,0.0,0.0,0.0,0.0,0,0.0,0.0,0.0,0,0.0,0.0,0.0,0.0,0.0,0,0.0,0.0,0.0,0.0,0.0,0.0,0.0,0.0,0.0,0.0,0,0.0,0.0,0.0,0.0,0.0,0.0,0,0.0
행당동,0,2498,sungdong_petStatus.csv,0.0,0.0,0.0,0.0,0.0,0,0.0,0.0,0.0,0.0,0,0.0,0.0,0.0,0,0.0,0.0,0.0,0.0,0.0,0,0.0,0.0,0.0,0.0,0.0,0.0,0.0,0.0,0.0,0.0,0,0.0,0.0,0.0,0.0,0.0,0.0,0,0.0
홍익동,0,224,sungdong_petStatus.csv,0.0,0.0,0.0,0.0,0.0,0,0.0,0.0,0.0,0.0,0,0.0,0.0,0.0,0,0.0,0.0,0.0,0.0,0.0,0,0.0,0.0,0.0,0.0,0.0,0.0,0.0,0.0,0.0,0.0,0,0.0,0.0,0.0,0.0,0.0,0.0,0,0.0
금호동1가,0,1124,sungdong_petStatus.csv,0.0,0.0,0.0,0.0,0.0,0,0.0,0.0,0.0,0.0,0,0.0,0.0,0.0,0,0.0,0.0,0.0,0.0,0.0,0,0.0,0.0,0.0,0.0,0.0,0.0,0.0,0.0,0.0,0.0,0,0.0,0.0,0.0,0.0,0.0,0.0,0,0.0
금호동2가,0,793,sungdong_petStatus.csv,0.0,0.0,0.0,0.0,0.0,0,0.0,0.0,0.0,0.0,0,0.0,0.0,0.0,0,0.0,0.0,0.0,0.0,0.0,0,0.0,0.0,0.0,0.0,0.0,0.0,0.0,0.0,0.0,0.0,0,0.0,0.0,0.0,0.0,0.0,0.0,0,0.0
금호동3가,0,844,sungdong_petStatus.csv,0.0,0.0,0.0,0.0,0.0,0,0.0,0.0,0.0,0.0,0,0.0,0.0,0.0,0,0.0,0.0,0.0,0.0,0.0,0,0.0,0.0,0.0,0.0,0.0,0.0,0.0,0.0,0.0,0.0,0,0.0,0.0,0.0,0.0,0.0,0.0,0,0.0
금호동4가,0,929,sungdong_petStatus.csv,0.0,0.0,0.0,0.0,0.0,0,0.0,0.0,0.0,0.0,0,0.0,0.0,0.0,0,0.0,0.0,0.0,0.0,0.0,0,0.0,0.0,0.0,0.0,0.0,0.0,0.0,0.0,0.0,0.0,0,0.0,0.0,0.0,0.0,0.0,0.0,0,0.0
성수동1가,0,2285,sungdong_petStatus.csv,0.0,0.0,0.0,0.0,0.0,0,0.0,0.0,0.0,0.0,0,0.0,0.0,0.0,0,0.0,0.0,0.0,0.0,0.0,0,0.0,0.0,0.0,0.0,0.0,0.0,0.0,0.0,0.0,0.0,0,0.0,0.0,0.0,0.0,0.0,0.0,0,0.0
성수동2가,0,1791,sungdong_petStatus.csv,0.0,0.0,0.0,0.0,0.0,0,0.0,0.0,0.0,0.0,0,0.0,0.0,0.0,0,0.0,0.0,0.0,0.0,0.0,0,0.0,0.0,0.0,0.0,0.0,0.0,0.0,0.0,0.0,0.0,0,0.0,0.0,0.0,0.0,0.0,0.0,0,0.0
상왕십리동,0,256,sungdong_petStatus.csv,0.0,0.0,0.0,0.0,0.0,0,0.0,0.0,0.0,0.0,0,0.0,0.0,0.0,0,0.0,0.0,0.0,0.0,0.0,0,0.0,0.0,0.0,0.0,0.0,0.0,0.0,0.0,0.0,0.0,0,0.0,0.0,0.0,0.0,0.0,0.0,0,0.0
하왕십리동,0,1852,sungdong_petStatus.csv,0.0,0.0,0.0,0.0,0.0,0,0.0,0.0,0.0,0.0,0,0.0,0.0,0.0,0,0.0,0.0,0.0,0.0,0.0,0,0.0,0.0,0.0,0.0,0.0,0.0,0.0,0.0,0.0,0.0,0,0.0,0.0,0.0,0.0,0.0,0.0,0,0.0
길동,0,0,gangdong_petStatus.csv,0.0,0.0,0.0,0.0,0.0,0,0.0,0.0,0.0,0.0,0,0.0,0.0,0.0,0,0.0,0.0,0.0,121.0,0.0,97,0.0,0.0,0.0,0.0,0.0,0.0,0.0,0.0,0.0,0.0,0,0.0,1922.0,0.0,836.0,1062.0,1.26,2021년,0.0
강일동,0,0,gangdong_petStatus.csv,0.0,0.0,0.0,0.0,0.0,0,0.0,0.0,0.0,0.0,0,0.0,0.0,0.0,0,0.0,0.0,0.0,21.0,0.0,18,0.0,0.0,0.0,0.0,0.0,0.0,0.0,0.0,0.0,0.0,0,0.0,796.0,0.0,406.0,387.0,1.17,2021년,0.0
고덕동,0,0,gangdong_petStatus.csv,0.0,0.0,0.0,0.0,0.0,0,0.0,0.0,0.0,0.0,0,0.0,0.0,0.0,0,0.0,0.0,0.0,51.0,0.0,39,0.0,0.0,0.0,0.0,0.0,0.0,0.0,0.0,0.0,0.0,0,0.0,1260.0,0.0,626.0,622.0,1.25,2021년,0.0
둔촌동,0,0,gangdong_petStatus.csv,0.0,0.0,0.0,0.0,0.0,0,0.0,0.0,0.0,0.0,0,0.0,0.0,0.0,0,0.0,0.0,0.0,48.0,0.0,37,0.0,0.0,0.0,0.0,0.0,0.0,0.0,0.0,0.0,0.0,0,0.0,1487.0,0.0,611.0,865.0,1.2,2021년,0.0
명일동,0,0,gangdong_petStatus.csv,0.0,0.0,0.0,0.0,0.0,0,0.0,0.0,0.0,0.0,0,0.0,0.0,0.0,0,0.0,0.0,0.0,71.0,0.0,30,0.0,0.0,0.0,0.0,0.0,0.0,0.0,0.0,0.0,0.0,0,0.0,1504.0,0.0,669.0,794.0,1.19,2021년,0.0
상일동,0,0,gangdong_petStatus.csv,0.0,0.0,0.0,0.0,0.0,0,0.0,0.0,0.0,0.0,0,0.0,0.0,0.0,0,0.0,0.0,0.0,30.0,0.0,24,0.0,0.0,0.0,0.0,0.0,0.0,0.0,0.0,0.0,0.0,0,0.0,912.0,0.0,440.0,466.0,1.2,2021년,0.0
성내동,0,0,gangdong_petStatus.csv,0.0,0.0,0.0,0.0,0.0,0,0.0,0.0,0.0,0.0,0,0.0,0.0,0.0,0,0.0,0.0,0.0,162.0,0.0,141,0.0,0.0,0.0,0.0,0.0,0.0,0.0,0.0,0.0,0.0,0,0.0,2830.0,0.0,1408.0,1401.0,1.31,2021년,0.0
암사동,0,0,gangdong_petStatus.csv,0.0,0.0,0.0,0.0,0.0,0,0.0,0.0,0.0,0.0,0,0.0,0.0,0.0,0,0.0,0.0,0.0,149.0,0.0,71,0.0,0.0,0.0,0.0,0.0,0.0,0.0,0.0,0.0,0.0,0,0.0,3012.0,0.0,1217.0,1717.0,1.26,2021년,0.0
천호동,0,0,gangdong_petStatus.csv,0.0,0.0,0.0,0.0,0.0,0,0.0,0.0,0.0,0.0,0,0.0,0.0,0.0,0,0.0,0.0,0.0,186.0,0.0,135,0.0,0.0,0.0,0.0,0.0,0.0,0.0,0.0,0.0,0.0,0,0.0,3966.0,0.0,1923.0,1992.0,1.31,2021년,0.0
개포동,0,0,gangnam_petStatus.csv,0.0,0.0,74.0,0.0,0.0,0,0.0,0.0,0.0,0.0,0,0.0,0.0,0.0,2022-08-25,0.0,0.0,0.0,305.0,0.0,0,0.0,0.0,0.0,0.0,0.0,0.0,0.0,0.0,0.0,0.0,0,0.0,0.0,0.0,0.0,0.0,0.0,0,3189.0
논현동,0,0,gangnam_petStatus.csv,0.0,0.0,97.0,0.0,0.0,0,0.0,0.0,0.0,0.0,0,0.0,0.0,0.0,2022-08-25,0.0,0.0,0.0,450.0,0.0,0,0.0,0.0,0.0,0.0,0.0,0.0,0.0,0.0,0.0,0.0,0,0.0,0.0,0.0,0.0,0.0,0.0,0,3890.0
대치동,0,0,gangnam_petStatus.csv,0.0,0.0,91.0,0.0,0.0,0,0.0,0.0,0.0,0.0,0,0.0,0.0,0.0,2022-08-25,0.0,0.0,0.0,518.0,0.0,0,0.0,0.0,0.0,0.0,0.0,0.0,0.0,0.0,0.0,0.0,0,0.0,0.0,0.0,0.0,0.0,0.0,0,4209.0
도곡동,0,0,gangnam_petStatus.csv,0.0,0.0,69.0,0.0,0.0,0,0.0,0.0,0.0,0.0,0,0.0,0.0,0.0,2022-08-25,0.0,0.0,0.0,271.0,0.0,0,0.0,0.0,0.0,0.0,0.0,0.0,0.0,0.0,0.0,0.0,0,0.0,0.0,0.0,0.0,0.0,0.0,0,2877.0
삼성동,0,0,gangnam_petStatus.csv,0.0,0.0,88.0,0.0,0.0,0,0.0,0.0,0.0,0.0,0,0.0,0.0,0.0,2022-08-25,0.0,0.0,0.0,456.0,0.0,0,0.0,0.0,0.0,0.0,0.0,0.0,0.0,0.0,0.0,0.0,0,0.0,0.0,0.0,0.0,0.0,0.0,0,2902.0
세곡동,0,0,gangnam_petStatus.csv,0.0,0.0,54.0,0.0,0.0,0,0.0,0.0,0.0,0.0,0,0.0,0.0,0.0,2022-08-25,0.0,0.0,0.0,61.0,0.0,0,0.0,0.0,0.0,0.0,0.0,0.0,0.0,0.0,0.0,0.0,0,0.0,0.0,0.0,0.0,0.0,0.0,0,641.0
수서동,0,0,gangnam_petStatus.csv,0.0,0.0,54.0,0.0,0.0,0,0.0,0.0,0.0,0.0,0,0.0,0.0,0.0,2022-08-25,0.0,0.0,0.0,75.0,0.0,0,0.0,0.0,0.0,0.0,0.0,0.0,0.0,0.0,0.0,0.0,0,0.0,0.0,0.0,0.0,0.0,0.0,0,992.0
신사동,0,0,gangnam_petStatus.csv,0.0,0.0,69.0,0.0,0.0,0,0.0,0.0,0.0,0.0,0,0.0,0.0,0.0,2022-08-25,0.0,0.0,0.0,114.0,0.0,0,0.0,0.0,0.0,0.0,0.0,0.0,0.0,0.0,0.0,0.0,0,0.0,0.0,0.0,0.0,0.0,0.0,0,874.0
역삼동,0,0,gangnam_petStatus.csv,0.0,0.0,100.0,0.0,0.0,0,0.0,0.0,0.0,0.0,0,0.0,0.0,0.0,2022-08-25,0.0,0.0,0.0,491.0,0.0,0,0.0,0.0,0.0,0.0,0.0,0.0,0.0,0.0,0.0,0.0,0,0.0,0.0,0.0,0.0,0.0,0.0,0,5096.0
율현동,0,0,gangnam_petStatus.csv,0.0,0.0,30.0,0.0,0.0,0,0.0,0.0,0.0,0.0,0,0.0,0.0,0.0,2022-08-25,0.0,0.0,0.0,8.0,0.0,0,0.0,0.0,0.0,0.0,0.0,0.0,0.0,0.0,0.0,0.0,0,0.0,0.0,0.0,0.0,0.0,0.0,0,159.0
일원동,0,0,gangnam_petStatus.csv,0.0,0.0,66.0,0.0,0.0,0,0.0,0.0,0.0,0.0,0,0.0,0.0,0.0,2022-08-25,0.0,0.0,0.0,382.0,0.0,0,0.0,0.0,0.0,0.0,0.0,0.0,0.0,0.0,0.0,0.0,0,0.0,0.0,0.0,0.0,0.0,0.0,0,1755.0
자곡동,0,0,gangnam_petStatus.csv,0.0,0.0,55.0,0.0,0.0,0,0.0,0.0,0.0,0.0,0,0.0,0.0,0.0,2022-08-25,0.0,0.0,0.0,80.0,0.0,0,0.0,0.0,0.0,0.0,0.0,0.0,0.0,0.0,0.0,0.0,0,0.0,0.0,0.0,0.0,0.0,0.0,0,898.0
청담동,0,0,gangnam_petStatus.csv,0.0,0.0,77.0,0.0,0.0,0,0.0,0.0,0.0,0.0,0,0.0,0.0,0.0,2022-08-25,0.0,0.0,0.0,312.0,0.0,0,0.0,0.0,0.0,0.0,0.0,0.0,0.0,0.0,0.0,0.0,0,0.0,0.0,0.0,0.0,0.0,0.0,0,2005.0
압구정동,0,0,gangnam_petStatus.csv,0.0,0.0,65.0,0.0,0.0,0,0.0,0.0,0.0,0.0,0,0.0,0.0,0.0,2022-08-25,0.0,0.0,0.0,185.0,0.0,0,0.0,0.0,0.0,0.0,0.0,0.0,0.0,0.0,0.0,0.0,0,0.0,0.0,0.0,0.0,0.0,0.0,0,1884.0
